Date,Year,Month,Open,High,Low,Close,Adj Close,Volume,Dividend,Stock Split,PE Ratio,Market Cap ($M),52W High,52W Low,Volatility (%),Trading Volume (M),Decade,Daily Return (%),Monthly Return ($)
1980-01-01,1980,1,2.56,2.6,2.51,2.58,2.59,37598928,0.0,,14.0,97.0,2.97,2.19,27.66,37.6,1980s,,
1980-02-01,1980,2,2.31,2.32,2.29,2.31,2.32,37570403,0.0,,21.6,86.8,2.66,1.96,28.48,37.57,1980s,-10.465116279069765,-0.27
1980-03-01,1980,3,2.53,2.55,2.47,2.51,2.5,15449461,0.0,,34.0,38.7,2.88,2.13,25.1,15.45,1980s,8.658008658008654,0.19999999999999973
1980-04-01,1980,4,2.37,2.41,2.3,2.35,2.36,36985658,0.0,,14.9,86.9,2.7,2.0,42.67,36.99,1980s,-6.374501992031856,-0.1599999999999997
1980-05-01,1980,5,2.38,2.43,2.34,2.37,2.36,5667767,0.0,,13.1,13.4,2.73,2.02,21.84,5.67,1980s,0.8510638297872353,0.020000000000000018
1980-06-01,1980,6,2.45,2.48,2.42,2.47,2.47,25483473,0.0,,15.7,62.8,2.83,2.1,25.66,25.48,1980s,4.219409282700415,0.10000000000000009
1980-07-01,1980,7,2.74,2.76,2.68,2.73,2.73,17428983,0.0,,15.8,47.6,3.14,2.32,26.38,17.43,1980s,10.526315789473673,0.2599999999999998
1980-08-01,1980,8,2.9,2.95,2.83,2.89,2.91,16371155,0.0,,30.9,47.4,3.33,2.46,39.15,16.37,1980s,5.860805860805862,0.16000000000000014
1980-09-01,1980,9,2.58,2.62,2.5,2.55,2.53,34502842,0.0,,21.1,88.0,2.93,2.17,42.44,34.5,1980s,-11.764705882352954,-0.3400000000000003
1980-10-01,1980,10,2.59,2.65,2.56,2.61,2.61,40160231,0.0,,21.2,104.8,3.0,2.22,21.58,40.16,1980s,2.35294117647058,0.06000000000000005
1980-11-01,1980,11,2.88,2.93,2.86,2.91,2.92,46666321,0.0,,21.7,136.0,3.35,2.48,16.91,46.67,1980s,11.494252873563227,0.30000000000000027
1980-12-01,1980,12,2.67,2.74,2.61,2.67,2.64,49366822,0.0,,14.6,131.7,3.07,2.27,41.54,49.37,1980s,-8.247422680412376,-0.2400000000000002
1981-01-01,1981,1,3.08,3.13,3.05,3.09,3.06,49458777,0.0,,32.1,153.0,3.56,2.63,22.9,49.46,1980s,15.73033707865168,0.41999999999999993
1981-02-01,1981,2,2.94,3.01,2.88,2.91,2.92,41867299,0.0,,16.6,121.8,3.34,2.47,26.22,41.87,1980s,-5.825242718446589,-0.17999999999999972
1981-03-01,1981,3,2.87,2.94,2.79,2.84,2.84,8507315,0.0,,33.4,24.1,3.26,2.41,41.36,8.51,1980s,-2.4054982817869552,-0.07000000000000028
1981-04-01,1981,4,3.07,3.18,2.99,3.11,3.08,33614267,0.0,,30.8,104.5,3.57,2.64,44.34,33.61,1980s,9.507042253521124,0.27
1981-05-01,1981,5,2.96,3.03,2.92,2.95,2.95,41707828,0.0,,21.7,123.0,3.39,2.51,21.35,41.71,1980s,-5.144694533762051,-0.1599999999999997
1981-06-01,1981,6,3.01,3.07,2.93,3.03,3.04,30400398,0.0,,32.7,92.3,3.49,2.58,28.54,30.4,1980s,2.7118644067796405,0.07999999999999963
1981-07-01,1981,7,2.78,2.87,2.73,2.82,2.79,48502401,0.0,,26.5,136.9,3.25,2.4,21.87,48.5,1980s,-6.930693069306926,-0.20999999999999996
1981-08-01,1981,8,3.22,3.29,3.16,3.26,3.24,9879297,0.0,,28.6,32.2,3.75,2.77,41.47,9.88,1980s,15.602836879432624,0.43999999999999995
1981-09-01,1981,9,3.02,3.07,3.0,3.03,3.04,24776507,0.0,,21.7,75.0,3.48,2.57,29.01,24.78,1980s,-7.055214723926384,-0.22999999999999998
1981-10-01,1981,10,3.21,3.23,3.12,3.17,3.16,8332920,0.0,,17.7,26.4,3.64,2.69,20.71,8.33,1980s,4.620462046204632,0.14000000000000012
1981-11-01,1981,11,2.98,3.03,2.91,3.0,3.0,37931706,0.0,,14.3,114.0,3.46,2.55,34.56,37.93,1980s,-5.3627760252365935,-0.16999999999999993
1981-12-01,1981,12,2.97,3.07,2.95,3.01,3.01,33303416,0.0,,16.9,100.3,3.46,2.56,27.03,33.3,1980s,0.3333333333333188,0.009999999999999787
1982-01-01,1982,1,3.12,3.15,3.01,3.07,3.07,29387551,0.0,,28.0,90.4,3.54,2.61,36.92,29.39,1980s,1.9933554817275656,0.06000000000000005
1982-02-01,1982,2,3.48,3.52,3.45,3.48,3.45,37386104,0.0,,13.4,130.3,4.01,2.96,24.41,37.39,1980s,13.35504885993486,0.41000000000000014
1982-03-01,1982,3,3.14,3.19,3.08,3.1,3.1,13470502,0.0,,13.6,41.8,3.57,2.64,17.04,13.47,1980s,-10.91954022988505,-0.3799999999999999
1982-04-01,1982,4,3.56,3.61,3.45,3.51,3.48,6501813,0.0,,21.6,22.8,4.04,2.98,32.51,6.5,1980s,13.225806451612886,0.4099999999999997
1982-05-01,1982,5,3.39,3.49,3.36,3.42,3.41,46076367,0.0,,26.8,157.7,3.94,2.91,28.72,46.08,1980s,-2.564102564102555,-0.08999999999999986
1982-06-01,1982,6,3.59,3.7,3.53,3.64,3.61,37080034,0.0,,16.9,134.9,4.19,3.09,22.96,37.08,1980s,6.432748538011701,0.2200000000000002
1982-07-01,1982,7,3.69,3.73,3.61,3.64,3.67,48213765,0.0,,19.0,175.7,4.19,3.1,44.52,48.21,1980s,0.0,0.0
1982-08-01,1982,8,3.56,3.62,3.46,3.54,3.51,10012124,0.0,,18.1,35.5,4.07,3.01,41.69,10.01,1980s,-2.7472527472527486,-0.10000000000000009
1982-09-01,1982,9,3.44,3.5,3.4,3.47,3.48,18715659,0.0,,23.6,64.9,3.99,2.95,22.53,18.72,1980s,-1.9774011299435013,-0.06999999999999984
1982-10-01,1982,10,3.56,3.63,3.52,3.54,3.53,9779158,0.0,,26.7,34.7,4.07,3.01,22.86,9.78,1980s,2.0172910662824117,0.06999999999999984
1982-11-01,1982,11,3.53,3.56,3.51,3.54,3.57,11002863,0.0,,24.5,39.0,4.07,3.01,40.04,11.0,1980s,0.0,0.0
1982-12-01,1982,12,3.38,3.46,3.3,3.42,3.44,3677299,0.0,,32.7,12.6,3.93,2.9,21.3,3.68,1980s,-3.3898305084745783,-0.1200000000000001
1983-01-01,1983,1,3.53,3.61,3.46,3.5,3.51,11371898,0.0,,33.3,39.8,4.03,2.98,22.1,11.37,1980s,2.3391812865497075,0.08000000000000007
1983-02-01,1983,2,3.53,3.62,3.5,3.57,3.6,28629602,0.0,,30.5,102.2,4.1,3.03,40.92,28.63,1980s,2.0000000000000018,0.06999999999999984
1983-03-01,1983,3,3.86,3.89,3.74,3.83,3.85,15927274,0.0,,16.6,60.9,4.4,3.25,42.55,15.93,1980s,7.282913165266103,0.26000000000000023
1983-04-01,1983,4,3.73,3.76,3.62,3.69,3.68,19696734,0.0,,31.9,72.6,4.24,3.13,44.01,19.7,1980s,-3.6553524804177617,-0.14000000000000012
1983-05-01,1983,5,3.63,3.73,3.57,3.64,3.67,8740453,0.0,,32.2,31.8,4.18,3.09,22.84,8.74,1980s,-1.3550135501354976,-0.04999999999999982
1983-06-01,1983,6,3.8,3.92,3.75,3.85,3.87,30285897,0.0,,25.9,116.6,4.43,3.27,30.34,30.29,1980s,5.769230769230771,0.20999999999999996
1983-07-01,1983,7,3.67,3.77,3.66,3.7,3.73,37134901,0.0,,27.8,137.5,4.26,3.15,43.21,37.13,1980s,-3.8961038961038974,-0.1499999999999999
1983-08-01,1983,8,3.82,3.92,3.73,3.83,3.84,45519179,0.0,,31.5,174.3,4.4,3.26,36.59,45.52,1980s,3.5135135135135,0.1299999999999999
1983-09-01,1983,9,3.63,3.69,3.59,3.64,3.61,29215675,0.0,,27.3,106.4,4.19,3.09,26.37,29.22,1980s,-4.960835509138384,-0.18999999999999995
1983-10-01,1983,10,3.86,3.91,3.77,3.85,3.84,15105121,0.0,,21.9,58.2,4.43,3.27,32.4,15.11,1980s,5.769230769230771,0.20999999999999996
1983-11-01,1983,11,3.85,3.9,3.8,3.86,3.89,12387796,0.0,,27.2,47.8,4.44,3.28,23.51,12.39,1980s,0.2597402597402487,0.009999999999999787
1983-12-01,1983,12,3.85,3.99,3.82,3.9,3.89,14363383,0.0,,15.4,56.0,4.49,3.32,16.39,14.36,1980s,1.0362694300518172,0.040000000000000036
1984-01-01,1984,1,4.36,4.42,4.22,4.32,4.33,49207378,0.0,,28.0,212.7,4.97,3.67,29.83,49.21,1980s,10.769230769230775,0.4200000000000004
1984-02-01,1984,2,3.91,4.05,3.83,3.97,3.94,29531078,0.0,,17.0,117.2,4.56,3.37,39.12,29.53,1980s,-8.10185185185185,-0.3500000000000001
1984-03-01,1984,3,4.18,4.28,4.14,4.17,4.14,32181679,0.0,,27.4,134.3,4.8,3.55,44.64,32.18,1980s,5.037783375314864,0.19999999999999973
1984-04-01,1984,4,4.26,4.34,4.13,4.21,4.21,37767064,0.0,,22.3,159.1,4.85,3.58,19.77,37.77,1980s,0.9592326139088669,0.040000000000000036
1984-05-01,1984,5,4.31,4.4,4.23,4.27,4.3,33520755,0.0,,26.4,143.3,4.92,3.63,23.24,33.52,1980s,1.425178147268391,0.05999999999999961
1984-06-01,1984,6,3.84,3.91,3.78,3.87,3.84,16519695,0.0,,20.8,63.9,4.45,3.29,19.58,16.52,1980s,-9.367681498829029,-0.39999999999999947
1984-07-01,1984,7,3.95,4.02,3.92,3.97,3.99,27137346,0.0,,32.8,107.6,4.56,3.37,32.52,27.14,1980s,2.5839793281653867,0.10000000000000009
1984-08-01,1984,8,4.33,4.38,4.27,4.29,4.28,27171560,0.0,,31.6,116.6,4.94,3.65,43.6,27.17,1980s,8.060453400503764,0.31999999999999984
1984-09-01,1984,9,4.15,4.22,4.1,4.14,4.12,30248457,0.0,,23.2,125.3,4.77,3.52,26.67,30.25,1980s,-3.4965034965035002,-0.15000000000000036
1984-10-01,1984,10,4.32,4.41,4.19,4.29,4.33,36844430,0.0,,12.6,158.0,4.93,3.65,26.82,36.84,1980s,3.6231884057971175,0.15000000000000036
1984-11-01,1984,11,4.14,4.17,4.06,4.12,4.08,26441229,0.0,,19.5,108.9,4.74,3.5,28.64,26.44,1980s,-3.9627039627039617,-0.16999999999999993
1984-12-01,1984,12,4.13,4.26,4.07,4.16,4.18,32561757,0.0,,12.4,135.3,4.78,3.53,31.18,32.56,1980s,0.9708737864077666,0.040000000000000036
1985-01-01,1985,1,4.68,4.77,4.57,4.66,4.68,17594901,0.0,,16.6,81.9,5.36,3.96,15.61,17.59,1980s,12.01923076923077,0.5
1985-02-01,1985,2,4.23,4.3,4.17,4.21,4.22,25756136,0.0,,15.9,108.4,4.84,3.58,33.22,25.76,1980s,-9.656652360515029,-0.4500000000000002
1985-03-01,1985,3,4.55,4.66,4.48,4.51,4.47,21935096,0.0,,25.2,98.9,5.19,3.83,42.24,21.94,1980s,7.125890736342044,0.2999999999999998
1985-04-01,1985,4,4.44,4.56,4.35,4.48,4.46,47787830,0.0,,29.8,214.2,5.15,3.81,40.51,47.79,1980s,-0.6651884700665023,-0.02999999999999936
1985-05-01,1985,5,4.52,4.62,4.41,4.46,4.45,25868590,0.0,,13.6,115.3,5.13,3.79,34.43,25.87,1980s,-0.44642857142858094,-0.020000000000000462
1985-06-01,1985,6,4.23,4.29,4.18,4.23,4.26,31852585,0.0,,28.3,134.7,4.86,3.6,28.06,31.85,1980s,-5.156950672645733,-0.22999999999999954
1985-07-01,1985,7,4.67,4.8,4.59,4.7,4.7,30230909,0.0,,31.0,142.1,5.41,4.0,32.77,30.23,1980s,11.111111111111093,0.46999999999999975
1985-08-01,1985,8,4.43,4.48,4.31,4.37,4.4,39241962,0.0,,26.0,171.7,5.03,3.72,26.37,39.24,1980s,-7.021276595744686,-0.33000000000000007
1985-09-01,1985,9,4.3,4.38,4.21,4.34,4.33,41007285,0.0,,28.1,178.1,4.99,3.69,23.29,41.01,1980s,-0.6864988558352492,-0.03000000000000025
1985-10-01,1985,10,4.31,4.45,4.24,4.36,4.38,47346008,0.0,,23.0,206.5,5.02,3.71,36.36,47.35,1980s,0.4608294930875667,0.020000000000000462
1985-11-01,1985,11,4.4,4.48,4.36,4.43,4.44,25764543,0.0,,22.9,114.0,5.09,3.76,30.93,25.76,1980s,1.6055045871559592,0.0699999999999994
1985-12-01,1985,12,4.53,4.64,4.49,4.56,4.53,9097079,0.0,,28.6,41.5,5.24,3.87,24.47,9.1,1980s,2.934537246049662,0.1299999999999999
1986-01-01,1986,1,5.05,5.09,4.92,5.02,5.0,40566507,0.0,,34.5,203.7,5.77,4.27,30.74,40.57,1980s,10.087719298245613,0.45999999999999996
1986-02-01,1986,2,4.59,4.68,4.56,4.64,4.59,36845199,0.0,,14.9,170.9,5.33,3.94,16.37,36.85,1980s,-7.569721115537842,-0.3799999999999999
1986-03-01,1986,3,4.63,4.71,4.48,4.57,4.53,1823117,0.0,,25.2,8.3,5.26,3.88,29.08,1.82,1980s,-1.5086206896551602,-0.0699999999999994
1986-04-01,1986,4,4.69,4.86,4.62,4.75,4.78,27891021,0.0,,23.3,132.5,5.46,4.04,32.31,27.89,1980s,3.93873085339167,0.17999999999999972
1986-05-01,1986,5,4.92,5.04,4.84,4.88,4.85,38451647,0.0,,29.6,187.5,5.61,4.14,33.19,38.45,1980s,2.7368421052631486,0.1299999999999999
1986-06-01,1986,6,4.96,5.03,4.88,4.95,4.99,29778283,0.0,,19.0,147.5,5.7,4.21,33.63,29.78,1980s,1.434426229508201,0.07000000000000028
1986-07-01,1986,7,5.04,5.09,4.93,4.98,4.99,11539923,0.0,,17.5,57.4,5.72,4.23,31.56,11.54,1980s,0.60606060606061,0.03000000000000025
1986-08-01,1986,8,4.72,4.79,4.67,4.69,4.67,19972908,0.0,,28.2,93.8,5.4,3.99,28.62,19.97,1980s,-5.823293172690757,-0.29000000000000004
1986-09-01,1986,9,5.12,5.21,4.98,5.07,5.12,29530593,0.0,,14.6,149.8,5.83,4.31,21.74,29.53,1980s,8.102345415778256,0.3799999999999999
1986-10-01,1986,10,4.63,4.71,4.54,4.68,4.69,39198838,0.0,,33.2,183.6,5.39,3.98,28.17,39.2,1980s,-7.692307692307699,-0.39000000000000057
1986-11-01,1986,11,4.85,4.91,4.77,4.86,4.85,41133561,0.0,,12.9,199.9,5.59,4.13,27.96,41.13,1980s,3.8461538461538547,0.1800000000000006
1986-12-01,1986,12,4.73,4.9,4.63,4.79,4.8,2392203,0.0,,35.0,11.5,5.51,4.07,35.17,2.39,1980s,-1.440329218107006,-0.07000000000000028
1987-01-01,1987,1,5.02,5.09,4.89,4.98,5.02,13179530,0.0,,34.9,65.6,5.72,4.23,28.08,13.18,1980s,3.9665970772442716,0.1900000000000004
1987-02-01,1987,2,5.45,5.53,5.39,5.45,5.41,11792773,0.0,,19.6,64.3,6.27,4.64,35.81,11.79,1980s,9.437751004016048,0.46999999999999975
1987-03-01,1987,3,5.24,5.32,5.12,5.19,5.17,22694536,0.0,,14.7,117.8,5.97,4.41,38.18,22.69,1980s,-4.770642201834862,-0.2599999999999998
1987-04-01,1987,4,5.39,5.59,5.31,5.47,5.42,35791878,0.0,,20.3,195.8,6.29,4.65,37.69,35.79,1980s,5.3949903660886145,0.27999999999999936
1987-05-01,1987,5,5.3,5.43,5.17,5.34,5.34,47858766,0.0,,23.1,255.8,6.15,4.54,15.87,47.86,1980s,-2.376599634369281,-0.1299999999999999
1987-06-01,1987,6,5.4,5.46,5.34,5.37,5.36,16079405,0.0,,34.8,86.3,6.17,4.56,42.39,16.08,1980s,0.5617977528090012,0.03000000000000025
1987-07-01,1987,7,5.2,5.28,5.05,5.15,5.15,19349234,0.0,,21.6,99.6,5.92,4.38,29.47,19.35,1980s,-4.096834264432026,-0.21999999999999975
1987-08-01,1987,8,5.18,5.28,5.09,5.24,5.26,10160919,0.0,,31.9,53.2,6.02,4.45,23.29,10.16,1980s,1.747572815533971,0.08999999999999986
1987-09-01,1987,9,5.47,5.55,5.28,5.4,5.37,21035743,0.0,,31.3,113.5,6.2,4.59,32.4,21.04,1980s,3.053435114503822,0.16000000000000014
1987-10-01,1987,10,5.43,5.52,5.37,5.44,5.47,26314138,0.0,,22.5,143.1,6.25,4.62,24.65,26.31,1980s,0.7407407407407307,0.040000000000000036
1987-11-01,1987,11,5.19,5.24,5.07,5.17,5.13,32740898,0.0,,28.2,169.4,5.95,4.4,39.34,32.74,1980s,-4.963235294117652,-0.27000000000000046
1987-12-01,1987,12,5.33,5.46,5.2,5.28,5.23,34708188,0.0,,34.2,183.2,6.07,4.49,24.96,34.71,1980s,2.1276595744680993,0.11000000000000032
1988-01-01,1988,1,5.37,5.56,5.34,5.43,5.4,44941630,0.0,,34.3,244.2,6.25,4.62,17.24,44.94,1980s,2.840909090909083,0.14999999999999947
1988-02-01,1988,2,5.68,5.75,5.62,5.66,5.64,46255365,0.0,,31.8,261.7,6.51,4.81,26.4,46.26,1980s,4.23572744014733,0.23000000000000043
1988-03-01,1988,3,5.58,5.71,5.51,5.54,5.49,43356498,0.0,,27.7,240.1,6.37,4.71,23.62,43.36,1980s,-2.1201413427561877,-0.1200000000000001
1988-04-01,1988,4,5.44,5.55,5.26,5.37,5.32,12164551,0.0,,28.0,65.3,6.17,4.56,42.1,12.16,1980s,-3.068592057761732,-0.16999999999999993
1988-05-01,1988,5,5.41,5.51,5.36,5.44,5.44,38978789,0.0,,27.7,212.0,6.25,4.62,20.4,38.98,1980s,1.3035381750465591,0.07000000000000028
1988-06-01,1988,6,5.45,5.58,5.37,5.47,5.48,16581902,0.0,,22.6,90.8,6.29,4.65,22.62,16.58,1980s,0.5514705882352811,0.02999999999999936
1988-07-01,1988,7,5.44,5.57,5.29,5.39,5.36,30643983,0.0,,33.7,165.3,6.2,4.58,44.63,30.64,1980s,-1.4625228519195677,-0.08000000000000007
1988-08-01,1988,8,5.67,5.75,5.57,5.64,5.69,33427544,0.0,,14.5,188.4,6.48,4.79,26.44,33.43,1980s,4.638218923933213,0.25
1988-09-01,1988,9,5.56,5.59,5.41,5.53,5.52,1543445,0.0,,25.0,8.5,6.36,4.7,35.57,1.54,1980s,-1.9503546099290725,-0.10999999999999943
1988-10-01,1988,10,5.69,5.78,5.54,5.67,5.65,16442983,0.0,,26.0,93.3,6.52,4.82,25.57,16.44,1980s,2.5316455696202445,0.13999999999999968
1988-11-01,1988,11,5.79,5.9,5.66,5.76,5.8,43161016,0.0,,14.2,248.6,6.62,4.9,33.82,43.16,1980s,1.5873015873015817,0.08999999999999986
1988-12-01,1988,12,5.43,5.58,5.39,5.51,5.55,22925749,0.0,,29.2,126.3,6.33,4.68,20.27,22.93,1980s,-4.340277777777779,-0.25
1989-01-01,1989,1,5.84,5.93,5.63,5.76,5.8,18244970,0.0,,33.0,105.1,6.62,4.9,43.33,18.24,1980s,4.537205081669682,0.25
1989-02-01,1989,2,6.2,6.33,6.04,6.13,6.08,16140745,0.0,,31.8,98.9,7.05,5.21,36.73,16.14,1980s,6.423611111111116,0.3700000000000001
1989-03-01,1989,3,6.37,6.45,6.18,6.31,6.25,37008758,0.0,,14.8,233.6,7.26,5.37,26.06,37.01,1980s,2.9363784665578985,0.17999999999999972
1989-04-01,1989,4,6.01,6.14,5.94,6.03,6.05,32640277,0.0,,12.6,196.9,6.94,5.13,41.53,32.64,1980s,-4.437400950871617,-0.27999999999999936
1989-05-01,1989,5,6.06,6.15,5.93,6.11,6.16,21279639,0.0,,26.9,130.0,7.02,5.19,18.5,21.28,1980s,1.3266998341625147,0.08000000000000007
1989-06-01,1989,6,5.74,5.78,5.6,5.65,5.66,27081580,0.0,,22.4,153.1,6.5,4.81,35.11,27.08,1980s,-7.528641571194761,-0.45999999999999996
1989-07-01,1989,7,6.21,6.35,6.16,6.23,6.22,7645229,0.0,,31.2,47.6,7.16,5.29,33.47,7.65,1980s,10.26548672566372,0.5800000000000001
1989-08-01,1989,8,6.21,6.27,6.09,6.17,6.14,25339448,0.0,,14.3,156.4,7.1,5.25,35.57,25.34,1980s,-0.9630818619582704,-0.0600000000000005
1989-09-01,1989,9,6.13,6.24,6.08,6.16,6.11,31515566,0.0,,14.1,194.0,7.08,5.23,21.36,31.52,1980s,-0.16207455429497752,-0.009999999999999787
1989-10-01,1989,10,6.13,6.29,5.98,6.21,6.25,14771113,0.0,,13.6,91.8,7.15,5.28,37.95,14.77,1980s,0.8116883116883189,0.04999999999999982
1989-11-01,1989,11,5.89,5.96,5.78,5.83,5.87,1190290,0.0,,18.4,6.9,6.7,4.95,44.52,1.19,1980s,-6.119162640901765,-0.3799999999999999
1989-12-01,1989,12,6.36,6.41,6.16,6.3,6.26,25041232,0.0,,30.2,157.9,7.25,5.36,22.14,25.04,1980s,8.06174957118353,0.46999999999999975
1990-01-01,1990,1,6.06,6.26,5.96,6.14,6.17,32960325,0.0,,22.3,202.4,7.06,5.22,25.86,32.96,1990s,-2.5396825396825418,-0.16000000000000014
1990-02-01,1990,2,6.3,6.47,6.18,6.36,6.41,45218236,0.0,,24.0,287.4,7.31,5.4,28.74,45.22,1990s,3.583061889250816,0.22000000000000064
1990-03-01,1990,3,6.44,6.53,6.32,6.45,6.45,30766964,0.0,,13.7,198.4,7.42,5.48,17.42,30.77,1990s,1.4150943396226356,0.08999999999999986
1990-04-01,1990,4,6.24,6.4,6.14,6.28,6.26,41090288,0.0,,24.2,258.2,7.23,5.34,28.61,41.09,1990s,-2.635658914728678,-0.16999999999999993
1990-05-01,1990,5,6.34,6.48,6.19,6.3,6.34,49374747,0.0,,31.9,311.2,7.25,5.36,27.9,49.37,1990s,0.31847133757960666,0.019999999999999574
1990-06-01,1990,6,6.6,6.68,6.41,6.53,6.51,21973101,0.0,,27.3,143.6,7.51,5.55,26.23,21.97,1990s,3.65079365079366,0.23000000000000043
1990-07-01,1990,7,6.22,6.44,6.18,6.3,6.25,26007907,0.0,,30.7,164.0,7.25,5.36,31.69,26.01,1990s,-3.522205206738138,-0.23000000000000043
1990-08-01,1990,8,6.41,6.49,6.33,6.44,6.46,29382811,0.0,,32.0,189.3,7.41,5.48,36.63,29.38,1990s,2.2222222222222365,0.14000000000000057
1990-09-01,1990,9,6.62,6.76,6.56,6.65,6.68,16048818,0.0,,31.5,106.8,7.65,5.66,25.5,16.05,1990s,3.2608695652173836,0.20999999999999996
1990-10-01,1990,10,6.29,6.39,6.21,6.33,6.34,42723178,0.0,,26.1,270.6,7.28,5.38,34.28,42.72,1990s,-4.8120300751879785,-0.3200000000000003
1990-11-01,1990,11,6.35,6.41,6.23,6.28,6.31,21735611,0.0,,33.2,136.6,7.23,5.34,25.53,21.74,1990s,-0.7898894154818259,-0.04999999999999982
1990-12-01,1990,12,6.21,6.25,6.05,6.18,6.23,7157753,0.0,,29.2,44.2,7.1,5.25,21.45,7.16,1990s,-1.5923566878981,-0.10000000000000053
1991-01-01,1991,1,6.58,6.73,6.44,6.6,6.61,6701370,0.0,,32.3,44.2,7.59,5.61,19.67,6.7,1990s,6.796116504854366,0.41999999999999993
1991-02-01,1991,2,6.62,6.79,6.53,6.7,6.71,28795400,0.0,,18.3,192.9,7.71,5.7,37.65,28.8,1990s,1.5151515151515138,0.10000000000000053
1991-03-01,1991,3,6.45,6.62,6.36,6.49,6.52,4047907,0.0,,17.1,26.3,7.47,5.52,44.53,4.05,1990s,-3.13432835820896,-0.20999999999999996
1991-04-01,1991,4,6.5,6.64,6.29,6.42,6.39,9052013,0.0,,12.2,58.1,7.38,5.45,37.41,9.05,1990s,-1.078582434514641,-0.07000000000000028
1991-05-01,1991,5,6.57,6.67,6.39,6.53,6.57,5836904,0.0,,21.1,38.1,7.51,5.55,37.26,5.84,1990s,1.7133956386292892,0.11000000000000032
1991-06-01,1991,6,6.61,6.77,6.52,6.69,6.68,43959180,0.0,,21.6,294.3,7.7,5.69,18.46,43.96,1990s,2.4502297090352343,0.16000000000000014
1991-07-01,1991,7,6.52,6.63,6.32,6.46,6.52,6914296,0.0,,22.0,44.7,7.43,5.49,18.18,6.91,1990s,-3.4379671150971625,-0.23000000000000043
1991-08-01,1991,8,6.61,6.85,6.48,6.7,6.66,12283195,0.0,,13.8,82.3,7.7,5.69,34.0,12.28,1990s,3.7151702786377694,0.2400000000000002
1991-09-01,1991,9,6.76,6.84,6.54,6.7,6.72,10911297,0.0,,17.4,73.1,7.71,5.7,19.39,10.91,1990s,0.0,0.0
1991-10-01,1991,10,6.71,6.83,6.6,6.65,6.69,34159632,0.0,,22.7,227.3,7.65,5.66,31.91,34.16,1990s,-0.7462686567164201,-0.04999999999999982
1991-11-01,1991,11,6.96,7.08,6.71,6.88,6.85,43091847,0.0,,19.3,296.4,7.91,5.85,28.19,43.09,1990s,3.4586466165413388,0.22999999999999954
1991-12-01,1991,12,6.88,7.0,6.74,6.82,6.76,31987013,0.0,,22.4,218.2,7.84,5.8,16.71,31.99,1990s,-0.8720930232558044,-0.05999999999999961
1992-01-01,1992,1,7.18,7.34,6.98,7.1,7.1,32052053,0.0,,25.3,227.7,8.17,6.04,43.63,32.05,1990s,4.105571847507328,0.27999999999999936
1992-02-01,1992,2,7.14,7.26,7.0,7.06,7.07,34646190,0.0,,15.5,244.5,8.12,6.0,16.86,34.65,1990s,-0.5633802816901401,-0.040000000000000036
1992-03-01,1992,3,6.96,7.13,6.86,6.99,6.95,17625799,0.0,,28.3,123.3,8.04,5.94,44.73,17.63,1990s,-0.9915014164305846,-0.0699999999999994
1992-04-01,1992,4,7.11,7.3,7.02,7.13,7.17,46560054,0.0,,25.8,332.2,8.21,6.06,38.68,46.56,1990s,2.002861230329045,0.13999999999999968
1992-05-01,1992,5,6.97,7.18,6.89,7.05,7.08,45061269,0.0,,34.2,317.7,8.11,5.99,33.08,45.06,1990s,-1.1220196353436185,-0.08000000000000007
1992-06-01,1992,6,6.86,7.01,6.75,6.82,6.84,45435138,0.0,,21.0,309.9,7.84,5.8,32.85,45.44,1990s,-3.262411347517724,-0.22999999999999954
1992-07-01,1992,7,7.26,7.44,7.1,7.29,7.31,46997384,0.0,,33.0,342.4,8.38,6.19,17.8,47.0,1990s,6.891495601173014,0.46999999999999975
1992-08-01,1992,8,7.12,7.3,6.95,7.22,7.2,33633089,0.0,,16.4,242.9,8.3,6.14,45.0,33.63,1990s,-0.9602194787380003,-0.07000000000000028
1992-09-01,1992,9,6.97,7.08,6.81,6.91,6.95,36334939,0.0,,12.9,251.2,7.95,5.88,25.1,36.33,1990s,-4.293628808864258,-0.3099999999999996
1992-10-01,1992,10,7.15,7.24,7.0,7.18,7.22,12109145,0.0,,28.6,86.9,8.26,6.1,16.31,12.11,1990s,3.9073806078147477,0.2699999999999996
1992-11-01,1992,11,7.26,7.38,7.02,7.16,7.2,16703671,0.0,,24.3,119.6,8.23,6.09,24.28,16.7,1990s,-0.278551532033422,-0.019999999999999574
1992-12-01,1992,12,7.39,7.49,7.14,7.32,7.39,31982818,0.0,,29.7,234.1,8.42,6.22,38.34,31.98,1990s,2.2346368715083775,0.16000000000000014
1993-01-01,1993,1,7.34,7.48,7.21,7.41,7.47,4501727,0.0,,26.7,33.4,8.52,6.3,41.22,4.5,1990s,1.2295081967213184,0.08999999999999986
1993-02-01,1993,2,7.43,7.59,7.28,7.35,7.39,19306714,0.0,,22.3,142.0,8.46,6.25,30.4,19.31,1990s,-0.809716599190291,-0.0600000000000005
1993-03-01,1993,3,7.59,7.75,7.33,7.5,7.56,28843260,0.0,,13.2,216.2,8.62,6.37,30.06,28.84,1990s,2.0408163265306145,0.15000000000000036
1993-04-01,1993,4,7.45,7.52,7.28,7.48,7.53,44618123,0.0,,19.7,333.7,8.6,6.36,19.38,44.62,1990s,-0.2666666666666595,-0.019999999999999574
1993-05-01,1993,5,7.36,7.53,7.21,7.37,7.36,42295322,0.0,,12.1,311.6,8.47,6.26,17.38,42.3,1990s,-1.4705882352941235,-0.11000000000000032
1993-06-01,1993,6,7.48,7.62,7.35,7.46,7.41,20334169,0.0,,17.5,151.8,8.58,6.34,18.66,20.33,1990s,1.2211668928086894,0.08999999999999986
1993-07-01,1993,7,7.44,7.48,7.25,7.41,7.41,36973960,0.0,,12.4,273.9,8.52,6.3,30.46,36.97,1990s,-0.6702412868632712,-0.04999999999999982
1993-08-01,1993,8,7.26,7.4,7.19,7.27,7.26,45585203,0.0,,27.4,331.6,8.37,6.18,30.7,45.59,1990s,-1.8893387314440013,-0.14000000000000057
1993-09-01,1993,9,7.59,7.75,7.47,7.58,7.51,32550231,0.0,,13.0,246.9,8.72,6.45,26.61,32.55,1990s,4.264099037138935,0.3100000000000005
1993-10-01,1993,10,7.51,7.59,7.43,7.54,7.56,7956764,0.0,,29.7,60.0,8.67,6.41,37.06,7.96,1990s,-0.527704485488123,-0.040000000000000036
1993-11-01,1993,11,7.33,7.49,7.26,7.32,7.36,32180314,0.0,,34.6,235.6,8.42,6.22,29.36,32.18,1990s,-2.917771883289122,-0.21999999999999975
1993-12-01,1993,12,7.33,7.51,7.24,7.28,7.24,14386193,0.0,,32.4,104.8,8.38,6.19,24.47,14.39,1990s,-0.5464480874316946,-0.040000000000000036
1994-01-01,1994,1,7.76,7.87,7.64,7.68,7.71,20200577,0.0,,20.2,155.2,8.84,6.53,38.43,20.2,1990s,5.494505494505497,0.39999999999999947
1994-02-01,1994,2,7.86,8.05,7.68,7.95,7.99,26947291,0.0,,19.8,214.2,9.14,6.76,20.6,26.95,1990s,3.515625,0.27000000000000046
1994-03-01,1994,3,7.96,8.04,7.83,7.89,7.87,29897556,0.0,,25.9,235.7,9.07,6.7,39.67,29.9,1990s,-0.7547169811320864,-0.0600000000000005
1994-04-01,1994,4,7.71,7.95,7.62,7.81,7.82,29596165,0.0,,15.8,231.1,8.98,6.64,28.32,29.6,1990s,-1.0139416983523497,-0.08000000000000007
1994-05-01,1994,5,7.99,8.13,7.79,7.9,7.92,4849234,0.0,,13.7,38.3,9.08,6.71,34.13,4.85,1990s,1.1523687580025754,0.09000000000000075
1994-06-01,1994,6,7.93,8.12,7.83,7.89,7.9,30405280,0.0,,12.8,239.8,9.07,6.7,17.02,30.41,1990s,-0.12658227848102444,-0.010000000000000675
1994-07-01,1994,7,7.94,8.1,7.81,7.97,8.0,25895006,0.0,,20.6,206.4,9.16,6.77,37.89,25.9,1990s,1.0139416983523386,0.08000000000000007
1994-08-01,1994,8,7.91,8.07,7.83,7.93,7.87,13485473,0.0,,23.5,106.9,9.12,6.74,26.61,13.49,1990s,-0.5018820577164407,-0.040000000000000036
1994-09-01,1994,9,7.79,7.96,7.6,7.85,7.82,33963887,0.0,,16.6,266.6,9.03,6.67,19.07,33.96,1990s,-1.0088272383354413,-0.08000000000000007
1994-10-01,1994,10,7.64,7.83,7.43,7.59,7.66,22447172,0.0,,27.4,170.4,8.73,6.45,36.29,22.45,1990s,-3.3121019108280247,-0.2599999999999998
1994-11-01,1994,11,7.83,7.94,7.68,7.87,7.9,12683049,0.0,,30.3,99.9,9.05,6.69,30.26,12.68,1990s,3.6890645586297843,0.28000000000000025
1994-12-01,1994,12,7.56,7.8,7.52,7.64,7.65,25757209,0.0,,22.8,196.9,8.79,6.5,44.49,25.76,1990s,-2.9224904701397714,-0.23000000000000043
1995-01-01,1995,1,8.02,8.23,7.86,8.12,8.12,28567993,0.0,,29.7,232.1,9.34,6.9,39.7,28.57,1990s,6.28272251308899,0.47999999999999954
1995-02-01,1995,2,8.17,8.28,7.98,8.13,8.11,37997347,0.0,,26.7,309.1,9.35,6.91,20.46,38.0,1990s,0.12315270935963074,0.010000000000001563
1995-03-01,1995,3,8.52,8.57,8.35,8.42,8.36,12049949,0.0,,15.7,101.4,9.68,7.15,43.04,12.05,1990s,3.5670356703566997,0.28999999999999915
1995-04-01,1995,4,8.23,8.32,8.17,8.22,8.17,37966341,0.0,,18.3,312.2,9.46,6.99,33.75,37.97,1990s,-2.375296912114011,-0.1999999999999993
1995-05-01,1995,5,8.18,8.32,8.01,8.15,8.1,42908088,0.0,,28.6,349.7,9.37,6.93,33.15,42.91,1990s,-0.8515815085158196,-0.07000000000000028
1995-06-01,1995,6,8.51,8.56,8.38,8.43,8.45,39706462,0.0,,18.1,334.7,9.69,7.17,21.32,39.71,1990s,3.435582822085892,0.27999999999999936
1995-07-01,1995,7,8.21,8.51,8.08,8.32,8.35,21273192,0.0,,23.1,177.1,9.57,7.07,39.14,21.27,1990s,-1.3048635824436494,-0.10999999999999943
1995-08-01,1995,8,8.18,8.33,8.06,8.28,8.28,14691752,0.0,,19.8,121.7,9.53,7.04,19.31,14.69,1990s,-0.48076923076924016,-0.040000000000000924
1995-09-01,1995,9,8.51,8.61,8.28,8.39,8.43,35559731,0.0,,24.9,298.3,9.65,7.13,24.57,35.56,1990s,1.328502415458943,0.11000000000000121
1995-10-01,1995,10,8.12,8.24,8.04,8.19,8.17,42297281,0.0,,21.6,346.2,9.41,6.96,43.88,42.3,1990s,-2.3837902264600808,-0.20000000000000107
1995-11-01,1995,11,8.71,8.88,8.52,8.6,8.54,35542599,0.0,,22.7,305.6,9.89,7.31,41.37,35.54,1990s,5.0061050061050105,0.41000000000000014
1995-12-01,1995,12,8.14,8.28,8.06,8.16,8.18,4265392,0.0,,13.2,34.8,9.39,6.94,29.85,4.27,1990s,-5.116279069767438,-0.4399999999999995
1996-01-01,1996,1,8.8,8.94,8.6,8.81,8.79,18748475,0.0,,28.7,165.1,10.13,7.48,37.92,18.75,1990s,7.965686274509798,0.6500000000000004
1996-02-01,1996,2,8.49,8.56,8.33,8.47,8.4,34840015,0.0,,22.4,295.1,9.74,7.2,31.5,34.84,1990s,-3.859250851305329,-0.33999999999999986
1996-03-01,1996,3,8.82,8.88,8.73,8.79,8.76,23755629,0.0,,24.8,208.7,10.11,7.47,25.97,23.76,1990s,3.7780401416764864,0.3199999999999985
1996-04-01,1996,4,8.42,8.5,8.37,8.45,8.48,32792431,0.0,,23.9,277.0,9.72,7.18,19.47,32.79,1990s,-3.868031854379972,-0.33999999999999986
1996-05-01,1996,5,8.78,8.88,8.56,8.67,8.69,21081276,0.0,,25.7,182.8,9.97,7.37,30.22,21.08,1990s,2.6035502958579926,0.22000000000000064
1996-06-01,1996,6,8.63,8.76,8.57,8.61,8.58,8355439,0.0,,34.5,72.0,9.91,7.32,32.51,8.36,1990s,-0.6920415224913601,-0.0600000000000005
1996-07-01,1996,7,8.9,8.95,8.72,8.85,8.93,39820755,0.0,,25.3,352.4,10.18,7.52,36.64,39.82,1990s,2.7874564459930307,0.2400000000000002
1996-08-01,1996,8,8.59,8.74,8.37,8.56,8.5,46682808,0.0,,17.6,399.6,9.84,7.28,32.18,46.68,1990s,-3.2768361581920757,-0.28999999999999915
1996-09-01,1996,9,8.62,8.75,8.51,8.64,8.58,34676536,0.0,,29.8,299.5,9.93,7.34,42.62,34.68,1990s,0.9345794392523477,0.08000000000000007
1996-10-01,1996,10,8.81,8.99,8.73,8.92,8.89,45441288,0.0,,23.0,405.5,10.26,7.59,26.3,45.44,1990s,3.240740740740744,0.27999999999999936
1996-11-01,1996,11,8.89,9.03,8.71,8.88,8.94,46684083,0.0,,26.8,414.5,10.21,7.55,35.8,46.68,1990s,-0.4484304932735328,-0.03999999999999915
1996-12-01,1996,12,8.56,8.76,8.48,8.62,8.7,20972575,0.0,,29.7,180.8,9.92,7.33,36.15,20.97,1990s,-2.9279279279279424,-0.26000000000000156
1997-01-01,1997,1,9.02,9.17,8.81,9.03,9.07,20313218,0.0,,14.8,183.4,10.38,7.67,35.3,20.31,1990s,4.756380510440827,0.41000000000000014
1997-02-01,1997,2,9.14,9.36,8.87,9.06,9.02,20302545,0.0,,34.0,183.9,10.41,7.7,17.37,20.3,1990s,0.33222591362127574,0.030000000000001137
1997-03-01,1997,3,9.29,9.38,9.03,9.23,9.18,38716390,0.0,,28.0,357.2,10.61,7.84,19.12,38.72,1990s,1.8763796909492259,0.16999999999999993
1997-04-01,1997,4,8.99,9.22,8.85,9.06,9.08,4522618,0.0,,14.3,41.0,10.41,7.7,24.91,4.52,1990s,-1.8418201516793076,-0.16999999999999993
1997-05-01,1997,5,8.93,9.25,8.71,9.03,8.97,44814893,0.0,,33.5,404.6,10.38,7.67,41.35,44.81,1990s,-0.33112582781458233,-0.030000000000001137
1997-06-01,1997,6,8.99,9.09,8.71,8.87,8.94,7003607,0.0,,27.0,62.1,10.2,7.54,21.97,7.0,1990s,-1.7718715393133966,-0.16000000000000014
1997-07-01,1997,7,9.12,9.46,8.99,9.25,9.31,3438725,0.0,,34.9,31.8,10.63,7.86,26.91,3.44,1990s,4.284103720405863,0.3800000000000008
1997-08-01,1997,8,9.29,9.51,8.96,9.16,9.07,39115275,0.0,,25.9,358.4,10.54,7.79,42.85,39.12,1990s,-0.9729729729729741,-0.08999999999999986
1997-09-01,1997,9,8.96,9.1,8.72,8.92,8.85,34837139,0.0,,22.8,310.7,10.26,7.58,20.78,34.84,1990s,-2.6200873362445476,-0.2400000000000002
1997-10-01,1997,10,8.71,8.8,8.63,8.72,8.76,20798742,0.0,,25.1,181.3,10.02,7.41,37.72,20.8,1990s,-2.2421524663677084,-0.1999999999999993
1997-11-01,1997,11,9.11,9.31,8.87,9.0,8.93,45913000,0.0,,14.2,413.4,10.35,7.65,44.45,45.91,1990s,3.2110091743119185,0.27999999999999936
1997-12-01,1997,12,9.06,9.31,8.93,9.2,9.15,23120779,0.0,,18.9,212.6,10.58,7.82,36.69,23.12,1990s,2.2222222222222143,0.1999999999999993
1998-01-01,1998,1,9.17,9.23,9.05,9.12,9.09,28207048,0.0,,27.8,257.3,10.49,7.75,42.69,28.21,1990s,-0.8695652173913104,-0.08000000000000007
1998-02-01,1998,2,9.67,9.84,9.39,9.62,9.59,15820941,0.0,,17.0,152.2,11.06,8.17,19.01,15.82,1990s,5.482456140350878,0.5
1998-03-01,1998,3,9.28,9.4,9.1,9.25,9.24,37072201,0.0,,30.4,342.9,10.64,7.86,39.77,37.07,1990s,-3.8461538461538436,-0.3699999999999992
1998-04-01,1998,4,9.57,9.77,9.39,9.54,9.55,25278971,0.0,,13.8,241.2,10.97,8.11,31.93,25.28,1990s,3.1351351351351253,0.28999999999999915
1998-05-01,1998,5,9.15,9.3,9.08,9.15,9.12,35919529,0.0,,22.2,328.7,10.52,7.78,35.41,35.92,1990s,-4.088050314465397,-0.3899999999999988
1998-06-01,1998,6,9.58,9.71,9.41,9.47,9.4,28878671,0.0,,22.5,273.4,10.89,8.05,16.73,28.88,1990s,3.49726775956285,0.3200000000000003
1998-07-01,1998,7,9.53,9.66,9.27,9.47,9.52,39809812,0.0,,13.7,377.0,10.89,8.05,27.71,39.81,1990s,0.0,0.0
1998-08-01,1998,8,9.37,9.72,9.14,9.5,9.49,20266331,0.0,,21.4,192.5,10.92,8.07,38.07,20.27,1990s,0.31678986272438703,0.02999999999999936
1998-09-01,1998,9,9.75,9.88,9.47,9.71,9.69,26333351,0.0,,20.6,255.7,11.17,8.25,35.48,26.33,1990s,2.210526315789485,0.21000000000000085
1998-10-01,1998,10,9.54,9.66,9.42,9.5,9.51,36490022,0.0,,14.9,346.7,10.92,8.07,44.36,36.49,1990s,-2.1627188465499603,-0.21000000000000085
1998-11-01,1998,11,9.82,9.96,9.49,9.68,9.67,26452812,0.0,,30.9,256.1,11.13,8.23,22.43,26.45,1990s,1.8947368421052602,0.17999999999999972
1998-12-01,1998,12,9.39,9.57,9.2,9.26,9.32,29134760,0.0,,26.1,269.9,10.65,7.87,43.09,29.13,1990s,-4.338842975206614,-0.41999999999999993
1999-01-01,1999,1,9.65,9.94,9.52,9.78,9.81,4266612,0.0,,17.6,41.7,11.24,8.31,16.33,4.27,1990s,5.6155507559395135,0.5199999999999996
1999-02-01,1999,2,9.75,9.95,9.61,9.68,9.78,16714313,0.0,,30.8,161.8,11.13,8.23,36.95,16.71,1990s,-1.0224948875255602,-0.09999999999999964
1999-03-01,1999,3,9.7,9.81,9.55,9.65,9.58,45306105,0.0,,24.0,437.4,11.1,8.21,27.41,45.31,1990s,-0.30991735537189147,-0.02999999999999936
1999-04-01,1999,4,9.65,9.84,9.54,9.63,9.66,38302506,0.0,,23.4,368.7,11.07,8.18,44.17,38.3,1990s,-0.2072538860103612,-0.019999999999999574
1999-05-01,1999,5,10.1,10.22,9.88,10.02,9.95,26263815,0.0,,16.2,263.1,11.52,8.51,31.14,26.26,1990s,4.049844236760114,0.3899999999999988
1999-06-01,1999,6,9.6,9.68,9.37,9.5,9.42,28694317,0.0,,34.3,272.7,10.93,8.08,31.72,28.69,1990s,-5.189620758483027,-0.5199999999999996
1999-07-01,1999,7,9.38,9.64,9.16,9.47,9.53,7205153,0.0,,24.3,68.2,10.89,8.05,39.88,7.21,1990s,-0.3157894736842026,-0.02999999999999936
1999-08-01,1999,8,9.52,9.57,9.43,9.49,9.55,40432073,0.0,,28.7,383.6,10.91,8.06,31.77,40.43,1990s,0.21119324181626542,0.019999999999999574
1999-09-01,1999,9,9.85,10.14,9.8,9.9,9.99,8872956,0.0,,29.2,87.9,11.39,8.42,37.63,8.87,1990s,4.3203371970495175,0.41000000000000014
1999-10-01,1999,10,10.13,10.26,9.97,10.06,10.03,19995781,0.0,,20.8,201.2,11.57,8.55,31.01,20.0,1990s,1.6161616161616266,0.16000000000000014
1999-11-01,1999,11,9.63,9.77,9.56,9.63,9.72,32506968,0.0,,29.5,312.9,11.07,8.18,24.61,32.51,1990s,-4.274353876739556,-0.4299999999999997
1999-12-01,1999,12,9.45,9.79,9.26,9.58,9.49,38132110,0.0,,33.5,365.3,11.02,8.14,32.37,38.13,1990s,-0.5192107995846351,-0.05000000000000071
2000-01-01,2000,1,9.83,10.0,9.62,9.88,9.88,44929996,0.0,,33.7,443.9,11.36,8.4,25.13,44.93,2000s,3.131524008350728,0.3000000000000007
2000-02-01,2000,2,10.27,10.47,10.05,10.2,10.25,24634142,0.0,,15.9,251.2,11.73,8.67,36.61,24.63,2000s,3.2388663967611198,0.3199999999999985
2000-03-01,2000,3,10.26,10.44,10.18,10.24,10.15,5988229,0.0,,33.7,61.3,11.78,8.71,35.05,5.99,2000s,0.39215686274509665,0.040000000000000924
2000-04-01,2000,4,10.29,10.39,9.99,10.19,10.09,34939161,0.0,,22.5,356.0,11.72,8.66,16.81,34.94,2000s,-0.4882812500000111,-0.05000000000000071
2000-05-01,2000,5,10.48,10.67,10.29,10.35,10.35,28604460,0.0,,12.3,296.0,11.9,8.8,30.88,28.6,2000s,1.5701668302257055,0.16000000000000014
2000-06-01,2000,6,10.04,10.41,9.86,10.19,10.25,13030394,0.0,,14.5,132.8,11.72,8.66,17.89,13.03,2000s,-1.545893719806768,-0.16000000000000014
2000-07-01,2000,7,9.83,10.04,9.72,9.82,9.8,26035067,0.0,,34.1,255.8,11.3,8.35,28.77,26.04,2000s,-3.6310107948969494,-0.3699999999999992
2000-08-01,2000,8,10.02,10.3,9.96,10.08,10.18,44613678,0.0,,29.5,449.9,11.6,8.57,17.81,44.61,2000s,2.6476578411405383,0.2599999999999998
2000-09-01,2000,9,9.97,10.16,9.89,10.1,10.1,30119183,0.0,,26.8,304.3,11.62,8.59,24.94,30.12,2000s,0.1984126984126977,0.019999999999999574
2000-10-01,2000,10,10.72,10.97,10.49,10.59,10.67,47458641,0.0,,32.4,502.6,12.18,9.0,29.27,47.46,2000s,4.851485148514856,0.4900000000000002
2000-11-01,2000,11,9.89,10.12,9.61,9.77,9.68,22104710,0.0,,12.4,215.9,11.23,8.3,21.21,22.1,2000s,-7.743153918791313,-0.8200000000000003
2000-12-01,2000,12,10.22,10.46,10.01,10.13,10.14,39030319,0.0,,31.2,395.2,11.64,8.61,26.67,39.03,2000s,3.68474923234392,0.3600000000000012
2001-01-01,2001,1,10.64,10.73,10.3,10.56,10.61,34607639,0.0,,29.1,365.5,12.15,8.98,25.38,34.61,2000s,4.244817374136223,0.4299999999999997
2001-02-01,2001,2,10.01,10.31,9.83,10.13,10.15,22902766,0.0,,12.7,232.1,11.66,8.61,23.2,22.9,2000s,-4.07196969696969,-0.4299999999999997
2001-03-01,2001,3,10.65,10.95,10.51,10.7,10.74,45336941,0.0,,20.7,485.0,12.3,9.09,38.17,45.34,2000s,5.626850937808481,0.5699999999999985
2001-04-01,2001,4,10.13,10.37,10.0,10.26,10.32,11353346,0.0,,29.0,116.5,11.8,8.72,24.5,11.35,2000s,-4.112149532710275,-0.4399999999999995
2001-05-01,2001,5,10.02,10.2,9.91,10.08,10.0,13575649,0.0,,21.9,136.8,11.59,8.57,31.71,13.58,2000s,-1.754385964912275,-0.17999999999999972
2001-06-01,2001,6,10.2,10.49,10.03,10.33,10.39,26852879,0.0,,12.3,277.3,11.88,8.78,27.41,26.85,2000s,2.4801587301587213,0.25
2001-07-01,2001,7,10.75,11.02,10.63,10.73,10.74,46990777,0.0,,20.8,504.4,12.34,9.12,19.17,46.99,2000s,3.8722168441432725,0.40000000000000036
2001-08-01,2001,8,10.27,10.55,10.13,10.41,10.4,6162105,0.0,,20.3,64.1,11.97,8.85,43.33,6.16,2000s,-2.982292637465056,-0.3200000000000003
2001-09-01,2001,9,10.66,10.82,10.55,10.63,10.52,27554439,0.0,,19.6,292.8,12.22,9.03,33.61,27.55,2000s,2.11335254562921,0.22000000000000064
2001-10-01,2001,10,10.56,10.83,10.32,10.61,10.71,10135158,0.0,,18.9,107.5,12.2,9.02,33.1,10.14,2000s,-0.18814675446849893,-0.02000000000000135
2001-11-01,2001,11,10.53,10.77,10.41,10.63,10.68,43473365,0.0,,23.3,462.0,12.22,9.03,32.28,43.47,2000s,0.18850141376061114,0.02000000000000135
2001-12-01,2001,12,10.47,10.6,10.29,10.37,10.38,40743683,0.0,,34.9,422.5,11.92,8.81,20.4,40.74,2000s,-2.4459078080903196,-0.26000000000000156
2002-01-01,2002,1,10.81,11.07,10.64,10.74,10.8,47495388,0.0,,13.6,510.0,12.35,9.13,40.43,47.5,2000s,3.567984570877547,0.370000000000001
2002-02-01,2002,2,10.92,11.17,10.81,11.04,10.97,29395636,0.0,,30.1,324.7,12.7,9.39,17.22,29.4,2000s,2.7932960893854553,0.29999999999999893
2002-03-01,2002,3,11.03,11.23,10.78,11.07,11.11,37483412,0.0,,12.8,414.8,12.73,9.41,44.05,37.48,2000s,0.27173913043478937,0.030000000000001137
2002-04-01,2002,4,11.11,11.37,11.0,11.08,11.02,45606851,0.0,,20.2,505.3,12.74,9.42,34.41,45.61,2000s,0.09033423667570428,0.009999999999999787
2002-05-01,2002,5,10.89,11.03,10.61,10.83,10.93,29887382,0.0,,14.4,323.7,12.45,9.21,17.96,29.89,2000s,-2.2563176895306847,-0.25
2002-06-01,2002,6,10.85,11.05,10.73,10.83,10.8,32075645,0.0,,29.8,347.4,12.45,9.2,32.66,32.08,2000s,0.0,0.0
2002-07-01,2002,7,10.65,10.88,10.51,10.81,10.91,8789281,0.0,,31.1,95.0,12.43,9.18,36.9,8.79,2000s,-0.1846722068328699,-0.019999999999999574
2002-08-01,2002,8,10.83,11.0,10.61,10.74,10.65,49452193,0.0,,28.0,531.1,12.35,9.13,24.57,49.45,2000s,-0.647548566142464,-0.07000000000000028
2002-09-01,2002,9,10.8,11.17,10.61,10.93,10.97,12029616,0.0,,33.4,131.5,12.57,9.29,37.21,12.03,2000s,1.7690875232774683,0.1899999999999995
2002-10-01,2002,10,10.88,11.08,10.72,10.93,11.0,43262499,0.0,,16.2,473.1,12.58,9.29,34.21,43.26,2000s,0.0,0.0
2002-11-01,2002,11,10.71,10.81,10.5,10.68,10.65,48294006,0.0,,16.9,515.6,12.28,9.07,23.35,48.29,2000s,-2.287282708142724,-0.25
2002-12-01,2002,12,11.18,11.42,10.98,11.16,11.13,14225430,0.0,,22.5,158.7,12.83,9.48,22.87,14.23,2000s,4.494382022471921,0.4800000000000004
2003-01-01,2003,1,11.43,11.62,11.18,11.38,11.4,24348827,0.0,,20.1,277.1,13.09,9.67,28.74,24.35,2000s,1.971326164874565,0.22000000000000064
2003-02-01,2003,2,11.21,11.47,10.92,11.11,11.15,22017539,0.0,,14.7,244.6,12.78,9.44,24.16,22.02,2000s,-2.3725834797891143,-0.27000000000000135
2003-03-01,2003,3,11.14,11.29,11.05,11.13,11.11,13465719,0.0,,23.2,149.9,12.8,9.46,31.12,13.47,2000s,0.18001800180018623,0.02000000000000135
2003-04-01,2003,4,11.51,11.72,11.39,11.62,11.55,31266162,0.0,,26.2,363.4,13.37,9.88,40.97,31.27,2000s,4.402515723270417,0.48999999999999844
2003-05-01,2003,5,11.34,11.59,11.16,11.45,11.48,28456541,0.0,,27.7,325.7,13.16,9.73,27.47,28.46,2000s,-1.4629948364888068,-0.16999999999999993
2003-06-01,2003,6,11.26,11.47,11.03,11.4,11.35,19445067,0.0,,17.2,221.7,13.11,9.69,23.66,19.45,2000s,-0.4366812227074135,-0.049999999999998934
2003-07-01,2003,7,11.51,11.68,11.24,11.42,11.43,18977720,0.0,,29.8,216.7,13.13,9.71,39.7,18.98,2000s,0.17543859649122862,0.019999999999999574
2003-08-01,2003,8,11.18,11.56,11.0,11.34,11.45,7873050,0.0,,28.9,89.3,13.04,9.64,34.61,7.87,2000s,-0.7005253940455369,-0.08000000000000007
2003-09-01,2003,9,11.15,11.43,10.9,11.31,11.22,8877642,0.0,,29.8,100.4,13.01,9.61,22.11,8.88,2000s,-0.2645502645502562,-0.02999999999999936
2003-10-01,2003,10,11.42,11.7,11.22,11.47,11.4,10343900,0.0,,30.1,118.7,13.2,9.75,39.41,10.34,2000s,1.4146772767462457,0.16000000000000014
2003-11-01,2003,11,11.49,11.68,11.38,11.47,11.58,20638382,0.0,,18.7,236.8,13.2,9.75,23.02,20.64,2000s,0.0,0.0
2003-12-01,2003,12,11.76,11.85,11.42,11.7,11.77,4978608,0.0,,34.8,58.3,13.46,9.95,41.01,4.98,2000s,2.005231037489086,0.22999999999999865
2004-01-01,2004,1,11.45,11.76,11.21,11.54,11.6,46381332,0.0,,21.0,535.3,13.27,9.81,19.27,46.38,2000s,-1.3675213675213738,-0.16000000000000014
2004-02-01,2004,2,11.65,11.77,11.41,11.7,11.76,28034857,0.0,,23.9,327.9,13.45,9.94,23.35,28.03,2000s,1.3864818024263537,0.16000000000000014
2004-03-01,2004,3,11.9,12.03,11.68,11.74,11.8,7250630,0.0,,28.8,85.1,13.5,9.98,28.75,7.25,2000s,0.34188034188034067,0.040000000000000924
2004-04-01,2004,4,11.46,11.79,11.35,11.61,11.59,15217111,0.0,,23.4,176.6,13.35,9.87,24.69,15.22,2000s,-1.1073253833049468,-0.13000000000000078
2004-05-01,2004,5,11.39,11.77,11.15,11.52,11.61,4248690,0.0,,13.1,48.9,13.24,9.79,33.79,4.25,2000s,-0.7751937984496138,-0.08999999999999986
2004-06-01,2004,6,11.7,11.8,11.39,11.55,11.67,29709125,0.0,,16.7,343.2,13.29,9.82,35.66,29.71,2000s,0.26041666666667407,0.030000000000001137
2004-07-01,2004,7,11.39,11.78,11.27,11.51,11.54,17803340,0.0,,13.9,204.9,13.23,9.78,34.94,17.8,2000s,-0.34632034632035014,-0.040000000000000924
2004-08-01,2004,8,11.54,11.77,11.27,11.5,11.48,7120273,0.0,,28.2,81.9,13.22,9.77,15.03,7.12,2000s,-0.08688097306689402,-0.009999999999999787
2004-09-01,2004,9,11.37,11.67,11.31,11.46,11.51,9092911,0.0,,34.7,104.2,13.18,9.74,27.67,9.09,2000s,-0.3478260869565153,-0.03999999999999915
2004-10-01,2004,10,11.23,11.49,11.15,11.27,11.23,21082685,0.0,,15.2,237.7,12.96,9.58,38.2,21.08,2000s,-1.6579406631762716,-0.19000000000000128
2004-11-01,2004,11,11.79,11.88,11.44,11.62,11.5,44622118,0.0,,15.8,518.4,13.36,9.88,25.54,44.62,2000s,3.105590062111796,0.34999999999999964
2004-12-01,2004,12,11.79,12.0,11.48,11.65,11.58,7742099,0.0,,15.2,90.2,13.39,9.9,18.69,7.74,2000s,0.2581755593803914,0.030000000000001137
2005-01-01,2005,1,11.95,12.23,11.83,11.98,12.01,17654207,0.0,,24.7,211.5,13.78,10.18,33.0,17.65,2000s,2.832618025751077,0.33000000000000007
2005-02-01,2005,2,12.2,12.47,11.91,12.13,12.09,35745555,0.0,,26.0,433.7,13.95,10.31,20.66,35.75,2000s,1.2520868113522488,0.15000000000000036
2005-03-01,2005,3,12.07,12.33,11.85,11.97,11.94,17178722,0.0,,23.5,205.7,13.77,10.18,32.82,17.18,2000s,-1.3190436933223415,-0.16000000000000014
2005-04-01,2005,4,12.39,12.68,12.12,12.21,12.3,39143362,0.0,,21.7,477.9,14.04,10.38,31.39,39.14,2000s,2.0050125313283207,0.2400000000000002
2005-05-01,2005,5,11.97,12.05,11.6,11.8,11.69,15478263,0.0,,12.9,182.6,13.57,10.03,16.81,15.48,2000s,-3.357903357903358,-0.41000000000000014
2005-06-01,2005,6,12.18,12.37,11.97,12.14,12.18,6531636,0.0,,26.7,79.3,13.96,10.32,31.13,6.53,2000s,2.8813559322033777,0.33999999999999986
2005-07-01,2005,7,11.48,11.9,11.2,11.63,11.55,22927841,0.0,,21.0,266.6,13.37,9.88,34.03,22.93,2000s,-4.200988467874788,-0.5099999999999998
2005-08-01,2005,8,12.1,12.5,11.87,12.26,12.35,4886002,0.0,,17.6,59.9,14.1,10.42,42.74,4.89,2000s,5.417024935511594,0.629999999999999
2005-09-01,2005,9,11.72,12.1,11.51,11.88,11.8,1849931,0.0,,28.3,22.0,13.66,10.1,36.04,1.85,2000s,-3.0995106035888953,-0.379999999999999
2005-10-01,2005,10,12.08,12.33,11.84,12.08,12.0,9518168,0.0,,29.2,114.9,13.89,10.26,41.2,9.52,2000s,1.683501683501687,0.1999999999999993
2005-11-01,2005,11,12.11,12.26,11.81,11.97,11.98,18646252,0.0,,28.4,223.2,13.77,10.17,32.3,18.65,2000s,-0.9105960264900625,-0.10999999999999943
2005-12-01,2005,12,11.77,11.99,11.58,11.82,11.79,18120550,0.0,,29.8,214.1,13.59,10.04,41.83,18.12,2000s,-1.253132832080206,-0.15000000000000036
2006-01-01,2006,1,12.29,12.36,11.94,12.21,12.09,4085768,0.0,,22.9,49.9,14.04,10.38,26.49,4.09,2000s,3.2994923857868175,0.39000000000000057
2006-02-01,2006,2,12.49,12.69,12.07,12.36,12.41,29143397,0.0,,17.2,360.1,14.21,10.5,22.45,29.14,2000s,1.228501228501222,0.14999999999999858
2006-03-01,2006,3,12.57,12.78,12.36,12.45,12.49,4534768,0.0,,16.1,56.5,14.32,10.58,39.13,4.53,2000s,0.7281553398058138,0.08999999999999986
2006-04-01,2006,4,12.65,12.99,12.51,12.81,12.9,22964793,0.0,,14.0,294.2,14.73,10.89,28.7,22.96,2000s,2.8915662650602414,0.3600000000000012
2006-05-01,2006,5,12.29,12.53,12.06,12.18,12.15,34108874,0.0,,34.9,415.6,14.01,10.36,38.28,34.11,2000s,-4.918032786885251,-0.6300000000000008
2006-06-01,2006,6,12.61,12.71,12.21,12.5,12.38,37342483,0.0,,20.0,466.9,14.38,10.63,40.19,37.34,2000s,2.6272577996715896,0.3200000000000003
2006-07-01,2006,7,12.6,13.02,12.32,12.79,12.85,7975900,0.0,,16.7,102.0,14.71,10.87,44.49,7.98,2000s,2.3199999999999887,0.28999999999999915
2006-08-01,2006,8,12.75,12.85,12.44,12.57,12.46,16533861,0.0,,32.6,207.8,14.46,10.69,30.59,16.53,2000s,-1.72009382329944,-0.21999999999999886
2006-09-01,2006,9,12.61,12.69,12.34,12.43,12.34,27464467,0.0,,13.7,341.4,14.3,10.57,32.03,27.46,2000s,-1.1137629276054106,-0.14000000000000057
2006-10-01,2006,10,12.5,12.73,12.36,12.6,12.68,48024899,0.0,,31.1,605.2,14.49,10.71,24.79,48.02,2000s,1.3676588897827857,0.16999999999999993
2006-11-01,2006,11,12.42,12.52,12.01,12.26,12.16,8090571,0.0,,15.8,99.2,14.1,10.42,28.98,8.09,2000s,-2.6984126984127,-0.33999999999999986
2006-12-01,2006,12,12.57,12.68,12.26,12.4,12.34,9047262,0.0,,14.1,112.2,14.26,10.54,39.23,9.05,2000s,1.1419249592169667,0.14000000000000057
2007-01-01,2007,1,12.73,12.85,12.41,12.69,12.6,48724965,0.0,,17.7,618.3,14.59,10.79,25.67,48.72,2000s,2.338709677419337,0.28999999999999915
2007-02-01,2007,2,12.7,13.11,12.63,12.79,12.77,31346706,0.0,,24.8,401.0,14.71,10.87,31.5,31.35,2000s,0.7880220646178104,0.09999999999999964
2007-03-01,2007,3,12.41,12.51,12.23,12.3,12.37,15917504,0.0,,15.0,195.9,14.15,10.46,39.71,15.92,2000s,-3.831118060985128,-0.48999999999999844
2007-04-01,2007,4,12.77,12.99,12.59,12.72,12.8,2462985,0.0,,34.9,31.3,14.63,10.81,20.93,2.46,2000s,3.4146341463414664,0.41999999999999993
2007-05-01,2007,5,12.8,13.24,12.53,12.96,12.86,31936845,0.0,,13.2,413.9,14.9,11.01,42.72,31.94,2000s,1.8867924528301883,0.2400000000000002
2007-06-01,2007,6,12.82,12.98,12.64,12.82,12.78,13559498,0.0,,18.3,173.8,14.74,10.9,28.38,13.56,2000s,-1.0802469135802517,-0.14000000000000057
2007-07-01,2007,7,12.67,12.9,12.44,12.63,12.73,33147221,0.0,,13.4,418.6,14.52,10.74,23.39,33.15,2000s,-1.4820592823712953,-0.1899999999999995
2007-08-01,2007,8,12.57,12.76,12.21,12.43,12.5,2310634,0.0,,34.8,28.7,14.29,10.56,38.46,2.31,2000s,-1.5835312747426888,-0.20000000000000107
2007-09-01,2007,9,12.72,13.02,12.52,12.72,12.69,13067239,0.0,,12.6,166.2,14.63,10.81,32.91,13.07,2000s,2.3330651649235756,0.2900000000000009
2007-10-01,2007,10,12.62,12.97,12.43,12.7,12.66,40190832,0.0,,35.0,510.4,14.6,10.79,44.22,40.19,2000s,-0.15723270440252124,-0.02000000000000135
2007-11-01,2007,11,12.58,12.94,12.29,12.67,12.56,15724462,0.0,,25.2,199.2,14.57,10.77,44.48,15.72,2000s,-0.23622047244094002,-0.02999999999999936
2007-12-01,2007,12,13.16,13.27,12.84,12.97,12.92,47816926,0.0,,20.3,620.0,14.91,11.02,32.75,47.82,2000s,2.3677979479084454,0.3000000000000007
2008-01-01,2008,1,13.11,13.21,12.77,13.08,13.17,34032776,0.0,,24.5,445.3,15.05,11.12,20.27,34.03,2000s,0.8481110254433322,0.10999999999999943
2008-02-01,2008,2,12.65,12.72,12.43,12.61,12.57,42213886,0.0,,16.6,532.4,14.5,10.72,18.91,42.21,2000s,-3.593272171253825,-0.47000000000000064
2008-03-01,2008,3,13.55,13.7,13.34,13.41,13.43,10506149,0.0,,29.8,140.9,15.42,11.4,40.39,10.51,2000s,6.3441712926249005,0.8000000000000007
2008-04-01,2008,4,13.47,13.84,13.29,13.52,13.41,21251116,0.0,,19.4,287.2,15.54,11.49,44.28,21.25,2000s,0.8202833706189461,0.10999999999999943
2008-05-01,2008,5,13.24,13.44,13.04,13.18,13.24,38713658,0.0,,28.0,510.4,15.16,11.21,42.87,38.71,2000s,-2.51479289940828,-0.33999999999999986
2008-06-01,2008,6,13.14,13.26,12.96,13.11,13.16,9546204,0.0,,16.1,125.1,15.08,11.14,15.05,9.55,2000s,-0.531107738998482,-0.07000000000000028
2008-07-01,2008,7,13.4,13.68,13.05,13.26,13.18,22355175,0.0,,33.2,296.5,15.25,11.27,44.03,22.36,2000s,1.1441647597254079,0.15000000000000036
2008-08-01,2008,8,13.2,13.3,12.77,13.03,12.96,22442535,0.0,,15.9,292.4,14.98,11.07,41.56,22.44,2000s,-1.7345399698340924,-0.23000000000000043
2008-09-01,2008,9,13.1,13.4,12.86,13.05,12.98,17746403,0.0,,27.9,231.5,15.0,11.09,25.51,17.75,2000s,0.15349194167306734,0.02000000000000135
2008-10-01,2008,10,13.23,13.6,13.06,13.41,13.33,28784355,0.0,,23.3,386.1,15.43,11.4,26.36,28.78,2000s,2.758620689655178,0.35999999999999943
2008-11-01,2008,11,12.97,13.27,12.74,12.98,13.03,11915693,0.0,,22.4,154.6,14.92,11.03,38.98,11.92,2000s,-3.206562266964952,-0.4299999999999997
2008-12-01,2008,12,12.6,12.78,12.45,12.69,12.79,11798117,0.0,,28.8,149.8,14.6,10.79,31.41,11.8,2000s,-2.2342064714946153,-0.2900000000000009
2009-01-01,2009,1,13.45,13.68,13.22,13.41,13.29,44864714,0.0,,15.8,601.8,15.42,11.4,41.69,44.86,2000s,5.673758865248235,0.7200000000000006
2009-02-01,2009,2,12.95,13.18,12.7,13.06,13.12,49987726,0.0,,24.4,653.0,15.02,11.1,34.82,49.99,2000s,-2.6099925428784476,-0.34999999999999964
2009-03-01,2009,3,13.1,13.35,12.9,13.14,13.02,1256058,0.0,,21.8,16.5,15.11,11.17,23.84,1.26,2000s,0.6125574272588086,0.08000000000000007
2009-04-01,2009,4,13.48,13.68,13.37,13.6,13.55,6498638,0.0,,22.9,88.4,15.64,11.56,18.47,6.5,2000s,3.5007610350076046,0.4599999999999991
2009-05-01,2009,5,13.76,13.91,13.36,13.6,13.57,25898765,0.0,,32.4,352.3,15.64,11.56,26.08,25.9,2000s,0.0,0.0
2009-06-01,2009,6,13.32,13.46,13.18,13.33,13.22,47739374,0.0,,27.4,636.5,15.33,11.33,17.57,47.74,2000s,-1.9852941176470518,-0.2699999999999996
2009-07-01,2009,7,13.63,13.86,13.23,13.44,13.53,36069902,0.0,,21.6,484.9,15.46,11.43,31.07,36.07,2000s,0.8252063015753874,0.10999999999999943
2009-08-01,2009,8,13.83,14.04,13.59,13.68,13.79,48936244,0.0,,12.8,669.3,15.73,11.63,32.14,48.94,2000s,1.7857142857142794,0.2400000000000002
2009-09-01,2009,9,13.76,13.87,13.24,13.57,13.55,12218238,0.0,,34.4,165.8,15.6,11.53,39.25,12.22,2000s,-0.8040935672514626,-0.10999999999999943
2009-10-01,2009,10,13.5,13.68,12.97,13.3,13.34,40932972,0.0,,17.9,544.5,15.3,11.31,42.32,40.93,2000s,-1.9896831245394209,-0.2699999999999996
2009-11-01,2009,11,13.46,13.68,13.31,13.51,13.45,31746407,0.0,,33.1,428.8,15.53,11.48,15.37,31.75,2000s,1.5789473684210353,0.20999999999999908
2009-12-01,2009,12,13.81,13.91,13.59,13.7,13.72,40102797,0.0,,29.4,549.3,15.75,11.64,43.19,40.1,2000s,1.4063656550703074,0.1899999999999995
2010-01-01,2010,1,13.89,14.21,13.67,14.06,14.01,28574363,0.13,,27.1,401.7,16.17,11.95,32.16,28.57,2010s,2.6277372262773824,0.3600000000000012
2010-02-01,2010,2,13.59,13.86,13.33,13.63,13.6,27561201,0.32,,19.6,375.6,15.67,11.58,22.13,27.56,2010s,-3.0583214793741043,-0.4299999999999997
2010-03-01,2010,3,14.36,14.44,13.89,14.19,14.13,19813745,0.3,,31.7,281.1,16.32,12.06,35.55,19.81,2010s,4.108584005869398,0.5599999999999987
2010-04-01,2010,4,13.84,14.2,13.56,13.92,13.87,49908900,0.18,,26.8,695.0,16.01,11.84,20.64,49.91,2010s,-1.9027484143763207,-0.2699999999999996
2010-05-01,2010,5,13.99,14.27,13.58,13.89,13.97,35579164,0.29,,13.5,494.0,15.97,11.8,36.29,35.58,2010s,-0.21551724137930384,-0.02999999999999936
2010-06-01,2010,6,13.98,14.21,13.85,13.97,14.07,14470545,0.3,,17.7,202.1,16.06,11.87,28.69,14.47,2010s,0.5759539236861011,0.08000000000000007
2010-07-01,2010,7,14.1,14.5,13.89,14.2,14.24,9312966,0.25,,17.6,132.2,16.33,12.07,29.66,9.31,2010s,1.646385110952031,0.22999999999999865
2010-08-01,2010,8,14.1,14.34,13.93,14.11,14.21,18358373,0.27,,27.8,259.1,16.23,11.99,23.55,18.36,2010s,-0.6338028169014076,-0.08999999999999986
2010-09-01,2010,9,13.68,14.01,13.35,13.65,13.69,46479358,0.11,,27.0,634.5,15.7,11.6,30.4,46.48,2010s,-3.26009922041105,-0.4599999999999991
2010-10-01,2010,10,14.43,14.64,14.24,14.35,14.26,1567991,0.12,,26.0,22.5,16.5,12.2,43.29,1.57,2010s,5.128205128205132,0.6999999999999993
2010-11-01,2010,11,14.04,14.46,13.73,14.14,14.13,15643761,0.19,,27.6,221.2,16.26,12.02,39.73,15.64,2010s,-1.4634146341463317,-0.20999999999999908
2010-12-01,2010,12,13.66,13.91,13.35,13.65,13.62,44442394,0.23,,18.5,606.8,15.7,11.6,35.53,44.44,2010s,-3.4653465346534684,-0.4900000000000002
2011-01-01,2011,1,13.99,14.25,13.84,14.08,14.13,44719174,0.14,,15.4,629.8,16.2,11.97,37.96,44.72,2010s,3.150183150183139,0.4299999999999997
2011-02-01,2011,2,14.7,14.95,14.31,14.57,14.62,49404496,0.06,,23.4,719.9,16.76,12.39,23.87,49.4,2010s,3.4801136363636465,0.4900000000000002
2011-03-01,2011,3,14.46,14.7,14.0,14.35,14.45,24029550,0.27,,17.1,344.9,16.51,12.2,31.04,24.03,2010s,-1.5099519560741292,-0.22000000000000064
2011-04-01,2011,4,14.67,14.89,14.27,14.59,14.69,38463392,0.1,,14.2,561.3,16.78,12.4,18.84,38.46,2010s,1.672473867595814,0.2400000000000002
2011-05-01,2011,5,14.39,14.52,14.01,14.28,14.23,6992809,0.12,,17.1,99.9,16.42,12.14,41.14,6.99,2010s,-2.1247429746401703,-0.3100000000000005
2011-06-01,2011,6,14.36,14.66,14.16,14.42,14.31,4602199,0.31,,25.4,66.4,16.58,12.25,43.33,4.6,2010s,0.9803921568627416,0.14000000000000057
2011-07-01,2011,7,14.25,14.57,14.07,14.25,14.19,4628037,0.31,,15.5,66.0,16.39,12.11,44.77,4.63,2010s,-1.1789181692094308,-0.16999999999999993
2011-08-01,2011,8,14.63,14.99,14.34,14.46,14.56,13103537,0.28,,23.2,189.4,16.62,12.29,33.93,13.1,2010s,1.473684210526316,0.21000000000000085
2011-09-01,2011,9,13.97,14.33,13.69,14.18,14.09,11632400,0.2,,29.6,165.0,16.31,12.06,17.64,11.63,2010s,-1.9363762102351356,-0.28000000000000114
2011-10-01,2011,10,14.37,14.76,14.19,14.41,14.28,14382463,0.27,,33.9,207.3,16.57,12.25,41.76,14.38,2010s,1.6220028208744797,0.23000000000000043
2011-11-01,2011,11,14.23,14.51,13.95,14.44,14.36,24108922,0.14,,14.4,348.0,16.6,12.27,30.1,24.11,2010s,0.2081887578070818,0.02999999999999936
2011-12-01,2011,12,13.77,14.29,13.57,13.96,13.96,36172939,0.15,,32.4,504.8,16.05,11.86,44.86,36.17,2010s,-3.32409972299168,-0.47999999999999865
2012-01-01,2012,1,14.65,14.84,14.3,14.71,14.84,28071155,0.06,,17.2,413.0,16.92,12.51,44.55,28.07,2010s,5.372492836676224,0.75
2012-02-01,2012,2,14.15,14.26,13.88,14.15,14.23,26178737,0.31,,17.9,370.4,16.27,12.03,31.04,26.18,2010s,-3.806934058463629,-0.5600000000000005
2012-03-01,2012,3,14.71,14.98,14.56,14.64,14.7,28969334,0.18,,14.8,424.1,16.84,12.44,22.58,28.97,2010s,3.4628975265017736,0.4900000000000002
2012-04-01,2012,4,14.6,14.68,14.32,14.52,14.4,35917361,0.13,,25.9,521.5,16.7,12.34,19.11,35.92,2010s,-0.819672131147553,-0.120000000000001
2012-05-01,2012,5,14.63,14.74,14.43,14.53,14.42,14330951,0.23,,29.9,208.3,16.71,12.35,39.94,14.33,2010s,0.06887052341597588,0.009999999999999787
2012-06-01,2012,6,14.72,14.89,14.49,14.76,14.89,47184582,0.33,,19.6,696.7,16.98,12.55,15.08,47.18,2010s,1.5829318651066737,0.23000000000000043
2012-07-01,2012,7,15.1,15.38,14.83,14.95,14.83,35339964,0.07,,28.6,528.3,17.19,12.71,42.14,35.34,2010s,1.287262872628725,0.1899999999999995
2012-08-01,2012,8,14.89,15.04,14.59,14.68,14.77,3647076,0.31,,20.3,53.5,16.88,12.48,35.3,3.65,2010s,-1.8060200668896242,-0.2699999999999996
2012-09-01,2012,9,14.53,14.87,14.31,14.38,14.28,44432764,0.1,,20.2,639.0,16.54,12.22,28.13,44.43,2010s,-2.043596730245223,-0.29999999999999893
2012-10-01,2012,10,14.76,15.26,14.63,14.94,14.91,31637792,0.13,,20.9,472.6,17.18,12.7,40.52,31.64,2010s,3.894297635605004,0.5599999999999987
2012-11-01,2012,11,15.04,15.14,14.62,14.9,14.77,11696844,0.08,,33.0,174.3,17.14,12.67,29.48,11.7,2010s,-0.2677376171351997,-0.03999999999999915
2012-12-01,2012,12,14.72,15.03,14.42,14.67,14.78,49806842,0.34,,15.0,730.8,16.87,12.47,42.61,49.81,2010s,-1.543624161073831,-0.23000000000000043
2013-01-01,2013,1,14.49,14.84,14.33,14.69,14.75,46495039,0.21,,29.1,683.0,16.89,12.49,36.71,46.5,2010s,0.13633265167007913,0.019999999999999574
2013-02-01,2013,2,15.25,15.48,14.79,15.08,15.11,30047931,0.25,,17.7,453.1,17.34,12.82,25.37,30.05,2010s,2.6548672566371723,0.39000000000000057
2013-03-01,2013,3,15.13,15.37,14.6,14.98,14.84,44177756,0.33,,23.6,661.6,17.22,12.73,29.08,44.18,2010s,-0.6631299734747964,-0.09999999999999964
2013-04-01,2013,4,14.88,15.05,14.59,14.76,14.7,35019451,0.12,,26.8,517.0,16.98,12.55,27.1,35.02,2010s,-1.468624833110821,-0.22000000000000064
2013-05-01,2013,5,14.95,15.16,14.49,14.82,14.8,8966281,0.34,,29.1,132.9,17.04,12.6,15.53,8.97,2010s,0.40650406504065817,0.0600000000000005
2013-06-01,2013,6,14.68,15.0,14.36,14.66,14.8,43784459,0.14,,23.7,642.0,16.86,12.46,21.21,43.78,2010s,-1.0796221322537103,-0.16000000000000014
2013-07-01,2013,7,15.29,15.45,15.15,15.36,15.34,38591086,0.28,,25.8,592.6,17.66,13.05,36.5,38.59,2010s,4.774897680763979,0.6999999999999993
2013-08-01,2013,8,14.73,15.18,14.66,14.91,14.87,43524281,0.34,,18.7,649.0,17.15,12.67,30.66,43.52,2010s,-2.9296875,-0.4499999999999993
2013-09-01,2013,9,14.7,14.96,14.41,14.85,14.91,8178065,0.13,,16.5,121.4,17.07,12.62,18.62,8.18,2010s,-0.4024144869215318,-0.0600000000000005
2013-10-01,2013,10,15.18,15.31,14.86,15.03,15.11,4120586,0.33,,31.3,61.9,17.29,12.78,32.66,4.12,2010s,1.21212121212122,0.17999999999999972
2013-11-01,2013,11,15.22,15.58,15.03,15.15,15.15,36592148,0.27,,24.7,554.2,17.42,12.87,27.98,36.59,2010s,0.7984031936127733,0.120000000000001
2013-12-01,2013,12,15.48,15.84,15.06,15.35,15.25,9615555,0.08,,27.1,147.6,17.65,13.05,33.18,9.62,2010s,1.320132013201314,0.1999999999999993
2014-01-01,2014,1,15.42,15.72,15.13,15.45,15.38,27700603,0.34,,34.3,428.1,17.77,13.14,28.59,27.7,2010s,0.6514657980456029,0.09999999999999964
2014-02-01,2014,2,15.18,15.48,14.92,15.08,15.15,22066196,0.26,,33.5,332.9,17.35,12.82,33.98,22.07,2010s,-2.3948220064724857,-0.3699999999999992
2014-03-01,2014,3,15.16,15.44,14.88,15.26,15.4,44626558,0.34,,16.1,680.9,17.55,12.97,31.27,44.63,2010s,1.1936339522546469,0.17999999999999972
2014-04-01,2014,4,15.66,15.92,15.28,15.54,15.68,48655590,0.18,,29.2,756.1,17.87,13.21,40.24,48.66,2010s,1.83486238532109,0.27999999999999936
2014-05-01,2014,5,15.6,15.84,15.37,15.46,15.35,45979996,0.07,,18.1,710.7,17.78,13.14,38.57,45.98,2010s,-0.5148005148005064,-0.0799999999999983
2014-06-01,2014,6,15.55,15.82,15.23,15.72,15.63,37317444,0.06,,30.7,586.6,18.08,13.36,18.07,37.32,2010s,1.681759379042691,0.2599999999999998
2014-07-01,2014,7,15.88,16.19,15.45,15.71,15.62,47716392,0.14,,27.3,749.4,18.06,13.35,42.79,47.72,2010s,-0.06361323155216203,-0.009999999999999787
2014-08-01,2014,8,15.83,16.01,15.36,15.61,15.46,17867217,0.11,,32.0,278.9,17.95,13.27,40.81,17.87,2010s,-0.6365372374284028,-0.10000000000000142
2014-09-01,2014,9,15.26,15.55,15.01,15.2,15.22,41492614,0.11,,28.7,630.5,17.48,12.92,20.8,41.49,2010s,-2.6265214606021825,-0.41000000000000014
2014-10-01,2014,10,15.48,16.06,15.17,15.68,15.56,3726917,0.18,,24.8,58.4,18.03,13.32,18.9,3.73,2010s,3.157894736842115,0.4800000000000004
2014-11-01,2014,11,15.23,15.6,15.1,15.31,15.2,22651334,0.23,,29.8,346.7,17.6,13.01,33.76,22.65,2010s,-2.359693877551017,-0.3699999999999992
2014-12-01,2014,12,15.61,15.86,15.37,15.47,15.54,36258666,0.12,,16.2,561.0,17.79,13.15,17.05,36.26,2010s,1.045068582625741,0.16000000000000014
2015-01-01,2015,1,15.65,15.76,15.49,15.64,15.55,23272325,0.15,2:1,18.8,363.9,17.98,13.29,43.51,23.27,2010s,1.098901098901095,0.16999999999999993
2015-02-01,2015,2,15.77,16.08,15.46,15.74,15.62,24220156,0.18,2:1,32.8,381.2,18.1,13.38,33.41,24.22,2010s,0.6393861892583175,0.09999999999999964
2015-03-01,2015,3,16.14,16.33,15.68,16.06,16.2,26895695,0.13,2:1,28.7,431.8,18.46,13.65,15.74,26.9,2010s,2.0330368487928796,0.3199999999999985
2015-04-01,2015,4,15.9,16.14,15.66,15.9,15.83,44723317,0.11,2:1,23.8,710.9,18.28,13.51,43.45,44.72,2010s,-0.996264009962633,-0.15999999999999837
2015-05-01,2015,5,15.86,15.94,15.74,15.84,15.9,15305940,0.31,2:1,21.8,242.5,18.22,13.47,18.12,15.31,2010s,-0.37735849056603765,-0.0600000000000005
2015-06-01,2015,6,16.11,16.44,15.6,15.88,16.02,47039602,0.1,2:1,22.6,747.2,18.27,13.5,24.95,47.04,2010s,0.2525252525252597,0.040000000000000924
2015-07-01,2015,7,15.4,15.65,15.01,15.26,15.18,18357570,0.17,2:1,22.4,280.2,17.55,12.97,27.13,18.36,2010s,-3.904282115869029,-0.620000000000001
2015-08-01,2015,8,15.42,15.68,15.12,15.6,15.46,40299488,0.06,2:1,31.5,628.6,17.94,13.26,25.73,40.3,2010s,2.2280471821756187,0.33999999999999986
2015-09-01,2015,9,15.72,15.99,15.47,15.64,15.77,26596231,0.17,2:1,27.2,415.9,17.98,13.29,29.22,26.6,2010s,0.2564102564102555,0.040000000000000924
2015-10-01,2015,10,15.52,15.89,15.27,15.57,15.71,10668745,0.14,2:1,32.4,166.1,17.9,13.23,43.96,10.67,2010s,-0.4475703324808178,-0.07000000000000028
2015-11-01,2015,11,16.29,16.37,15.71,16.07,15.95,3803348,0.05,2:1,25.7,61.1,18.48,13.66,31.11,3.8,2010s,3.211303789338471,0.5
2015-12-01,2015,12,16.02,16.39,15.71,15.9,15.87,44347729,0.31,2:1,15.3,705.1,18.28,13.51,20.52,44.35,2010s,-1.0578718108276264,-0.16999999999999993
2016-01-01,2016,1,15.77,16.25,15.52,15.96,15.82,37832774,0.19,,24.6,603.8,18.35,13.57,23.72,37.83,2010s,0.37735849056603765,0.0600000000000005
2016-02-01,2016,2,15.71,15.94,15.42,15.6,15.48,44988047,0.12,,18.6,701.8,17.94,13.26,17.09,44.99,2010s,-2.2556390977443663,-0.3600000000000012
2016-03-01,2016,3,15.84,16.21,15.54,15.92,15.81,39041457,0.16,,19.3,621.5,18.31,13.53,27.85,39.04,2010s,2.051282051282044,0.3200000000000003
2016-04-01,2016,4,15.55,15.99,15.34,15.68,15.79,10013111,0.25,,19.6,157.0,18.04,13.33,29.4,10.01,2010s,-1.5075376884422176,-0.2400000000000002
2016-05-01,2016,5,16.25,16.37,15.95,16.25,16.12,19831816,0.31,,15.2,322.3,18.69,13.81,31.16,19.83,2010s,3.635204081632648,0.5700000000000003
2016-06-01,2016,6,16.03,16.35,15.95,16.24,16.24,3093409,0.29,,25.3,50.2,18.68,13.81,38.08,3.09,2010s,-0.061538461538468425,-0.010000000000001563
2016-07-01,2016,7,15.57,16.04,15.32,15.68,15.73,10974590,0.16,,17.1,172.1,18.04,13.33,38.16,10.97,2010s,-3.4482758620689613,-0.5599999999999987
2016-08-01,2016,8,16.1,16.36,15.89,16.11,16.11,45471600,0.12,,34.2,732.7,18.53,13.7,44.46,45.47,2010s,2.7423469387755084,0.4299999999999997
2016-09-01,2016,9,16.23,16.54,15.96,16.4,16.42,10811252,0.27,,23.1,177.3,18.86,13.94,25.76,10.81,2010s,1.8001241464928652,0.28999999999999915
2016-10-01,2016,10,15.8,16.2,15.7,16.01,15.91,25243168,0.17,,33.1,404.0,18.41,13.6,41.45,25.24,2010s,-2.378048780487785,-0.389999999999997
2016-11-01,2016,11,15.84,16.42,15.56,16.03,15.96,18670842,0.22,,25.1,299.3,18.43,13.62,26.3,18.67,2010s,0.12492192379762734,0.019999999999999574
2016-12-01,2016,12,16.36,16.47,16.01,16.17,16.32,15958515,0.2,,20.1,258.1,18.6,13.75,41.03,15.96,2010s,0.8733624454148492,0.14000000000000057
2017-01-01,2017,1,16.47,16.72,16.29,16.42,16.31,6173303,0.2,,18.5,101.3,18.88,13.95,19.51,6.17,2010s,1.5460729746443969,0.25
2017-02-01,2017,2,16.5,16.8,16.12,16.34,16.29,8606031,0.19,,23.0,140.6,18.79,13.89,21.32,8.61,2010s,-0.4872107186358221,-0.08000000000000185
2017-03-01,2017,3,16.27,16.6,16.0,16.5,16.39,43247742,0.2,,32.5,713.8,18.98,14.03,19.41,43.25,2010s,0.9791921664626724,0.16000000000000014
2017-04-01,2017,4,16.58,16.8,16.17,16.58,16.62,49288001,0.27,,30.9,817.0,19.06,14.09,43.42,49.29,2010s,0.48484848484846577,0.0799999999999983
2017-05-01,2017,5,16.39,16.65,16.24,16.4,16.38,10577249,0.29,,30.9,173.5,18.87,13.94,20.46,10.58,2010s,-1.0856453558504175,-0.17999999999999972
2017-06-01,2017,6,16.52,16.72,16.18,16.41,16.44,16422542,0.16,,15.0,269.5,18.87,13.95,15.5,16.42,2010s,0.06097560975610872,0.010000000000001563
2017-07-01,2017,7,16.87,17.24,16.49,16.78,16.67,42255051,0.23,,32.2,709.0,19.3,14.26,30.94,42.26,2010s,2.2547227300426576,0.370000000000001
2017-08-01,2017,8,16.44,16.82,16.11,16.36,16.2,46537347,0.24,,24.0,761.5,18.82,13.91,26.11,46.54,2010s,-2.5029797377830842,-0.4200000000000017
2017-09-01,2017,9,16.18,16.65,15.84,16.31,16.27,40530347,0.29,,32.9,661.0,18.76,13.86,40.12,40.53,2010s,-0.3056234718826434,-0.05000000000000071
2017-10-01,2017,10,16.4,16.85,16.02,16.52,16.38,41150719,0.31,,21.4,679.7,19.0,14.04,20.67,41.15,2010s,1.2875536480686733,0.21000000000000085
2017-11-01,2017,11,16.88,17.0,16.75,16.84,16.89,47155244,0.29,,21.4,793.9,19.36,14.31,18.2,47.16,2010s,1.937046004842613,0.3200000000000003
2017-12-01,2017,12,16.45,16.83,16.18,16.57,16.61,46674675,0.17,,16.7,773.4,19.05,14.08,31.56,46.67,2010s,-1.6033254156769594,-0.2699999999999996
2018-01-01,2018,1,16.65,16.9,16.21,16.62,16.65,48344941,0.17,,15.2,803.6,19.12,14.13,40.91,48.34,2010s,0.3017501508750797,0.05000000000000071
2018-02-01,2018,2,16.59,16.99,16.34,16.45,16.45,23712179,0.29,,26.1,390.1,18.92,13.98,35.54,23.71,2010s,-1.0228640192539218,-0.1700000000000017
2018-03-01,2018,3,16.6,16.95,16.18,16.53,16.52,41281789,0.18,,13.5,682.5,19.01,14.05,21.65,41.28,2010s,0.4863221884498614,0.08000000000000185
2018-04-01,2018,4,16.27,16.73,15.99,16.32,16.33,48755058,0.34,,13.3,795.9,18.77,13.88,38.21,48.76,2010s,-1.2704174228675202,-0.21000000000000085
2018-05-01,2018,5,16.44,17.05,16.05,16.69,16.69,14069216,0.06,,25.8,234.8,19.19,14.18,30.47,14.07,2010s,2.267156862745101,0.370000000000001
2018-06-01,2018,6,16.28,16.67,16.2,16.51,16.39,19517809,0.28,,20.1,322.2,18.98,14.03,26.85,19.52,2010s,-1.0784901138406244,-0.17999999999999972
2018-07-01,2018,7,17.05,17.16,16.81,16.93,16.86,38521496,0.32,,20.0,652.1,19.47,14.39,43.9,38.52,2010s,2.5439127801332395,0.41999999999999815
2018-08-01,2018,8,16.69,17.24,16.41,16.84,16.76,28322342,0.2,,24.8,477.0,19.37,14.32,30.1,28.32,2010s,-0.5316007088009389,-0.08999999999999986
2018-09-01,2018,9,16.56,16.73,16.3,16.56,16.65,17786711,0.26,,34.2,294.5,19.04,14.07,31.9,17.79,2010s,-1.6627078384798155,-0.28000000000000114
2018-10-01,2018,10,17.45,17.7,16.97,17.21,17.24,2835474,0.19,,17.9,48.8,19.8,14.63,26.48,2.84,2010s,3.9251207729468662,0.6500000000000021
2018-11-01,2018,11,16.97,17.33,16.64,16.87,16.82,36946991,0.05,,31.1,623.2,19.4,14.34,22.45,36.95,2010s,-1.975595583962808,-0.33999999999999986
2018-12-01,2018,12,17.0,17.11,16.44,16.84,16.83,24725528,0.12,,25.2,416.3,19.36,14.31,20.48,24.73,2010s,-0.1778304682869103,-0.030000000000001137
2019-01-01,2019,1,17.44,17.95,17.27,17.61,17.52,18811053,0.11,,16.7,331.2,20.25,14.97,22.49,18.81,2010s,4.572446555819476,0.7699999999999996
2019-02-01,2019,2,16.82,17.42,16.51,17.02,17.07,42193231,0.05,,31.7,718.0,19.57,14.47,43.74,42.19,2010s,-3.3503691084611043,-0.5899999999999999
2019-03-01,2019,3,17.19,17.69,16.81,17.29,17.32,19437021,0.2,,34.6,336.1,19.88,14.7,42.48,19.44,2010s,1.5863689776733247,0.2699999999999996
2019-04-01,2019,4,16.96,17.06,16.56,16.92,16.91,37290322,0.06,,20.0,630.8,19.45,14.38,40.81,37.29,2010s,-2.1399652978600248,-0.36999999999999744
2019-05-01,2019,5,17.14,17.6,16.94,17.34,17.16,46238290,0.11,,25.4,801.6,19.94,14.74,24.76,46.24,2010s,2.482269503546086,0.41999999999999815
2019-06-01,2019,6,17.15,17.32,16.88,17.13,17.17,25556754,0.11,,21.8,437.7,19.7,14.56,27.57,25.56,2010s,-1.211072664359869,-0.21000000000000085
2019-07-01,2019,7,17.23,17.52,16.95,17.28,17.45,47037480,0.12,,14.3,812.8,19.87,14.69,23.1,47.04,2010s,0.8756567425569406,0.15000000000000213
2019-08-01,2019,8,17.02,17.22,16.61,17.08,16.96,1653794,0.1,,23.5,28.2,19.64,14.52,44.87,1.65,2010s,-1.1574074074074292,-0.20000000000000284
2019-09-01,2019,9,17.57,17.93,17.26,17.46,17.48,39106729,0.06,,14.3,682.6,20.07,14.84,19.9,39.11,2010s,2.2248243559719105,0.38000000000000256
2019-10-01,2019,10,17.14,17.26,16.63,16.97,16.89,25179765,0.22,,33.4,427.3,19.51,14.42,22.73,25.18,2010s,-2.8064146620847774,-0.490000000000002
2019-11-01,2019,11,16.98,17.39,16.64,16.79,16.82,44562440,0.21,,34.5,748.3,19.31,14.27,23.54,44.56,2010s,-1.0606953447259815,-0.17999999999999972
2019-12-01,2019,12,17.36,17.6,17.11,17.22,17.26,32121875,0.24,,15.3,553.1,19.8,14.64,20.03,32.12,2010s,2.5610482430017845,0.4299999999999997
2020-01-01,2020,1,17.67,17.96,17.21,17.6,17.45,11871601,0.15,3:1,19.2,208.9,20.24,14.96,34.59,11.87,2020s,2.2067363530778206,0.38000000000000256
2020-02-01,2020,2,17.69,18.15,17.33,17.75,17.91,40387519,0.21,3:1,22.4,716.9,20.41,15.09,20.02,40.39,2020s,0.8522727272727293,0.14999999999999858
2020-03-01,2020,3,17.35,17.67,17.01,17.49,17.58,15131213,0.1,3:1,14.4,264.7,20.12,14.87,16.91,15.13,2020s,-1.4647887323943731,-0.26000000000000156
2020-04-01,2020,4,17.56,18.05,17.21,17.82,17.67,18612873,0.24,3:1,13.9,331.6,20.49,15.14,42.95,18.61,2020s,1.8867924528302105,0.33000000000000185
2020-05-01,2020,5,17.48,17.72,17.23,17.36,17.37,12449308,0.06,3:1,27.3,216.1,19.96,14.75,40.81,12.45,2020s,-2.581369248035914,-0.46000000000000085
2020-06-01,2020,6,17.76,18.04,17.33,17.51,17.49,47816678,0.21,3:1,25.6,837.2,20.13,14.88,28.7,47.82,2020s,0.8640552995391904,0.15000000000000213
2020-07-01,2020,7,17.98,18.34,17.7,18.02,18.16,33323097,0.21,3:1,30.5,600.3,20.72,15.31,28.26,33.32,2020s,2.9126213592232997,0.509999999999998
2020-08-01,2020,8,17.29,17.48,16.93,17.4,17.52,24077726,0.14,3:1,24.3,418.9,20.01,14.79,35.63,24.08,2020s,-3.440621531631527,-0.620000000000001
2020-09-01,2020,9,17.71,18.18,17.34,17.82,17.85,1484390,0.21,3:1,16.3,26.5,20.49,15.15,41.46,1.48,2020s,2.413793103448292,0.4200000000000017
2020-10-01,2020,10,17.56,17.87,17.07,17.45,17.35,6315675,0.18,3:1,17.5,110.2,20.06,14.83,37.94,6.32,2020s,-2.076318742985417,-0.370000000000001
2020-11-01,2020,11,18.19,18.38,17.73,18.09,18.2,28709510,0.11,3:1,13.6,519.3,20.8,15.38,19.1,28.71,2020s,3.667621776504304,0.6400000000000006
2020-12-01,2020,12,17.42,17.78,17.17,17.45,17.39,11210567,0.06,3:1,24.3,195.6,20.07,14.83,20.58,11.21,2020s,-3.5378662244333947,-0.6400000000000006
2021-01-01,2021,1,17.69,18.03,17.4,17.57,17.45,34123563,0.12,,21.7,599.6,20.21,14.94,38.57,34.12,2020s,0.6876790830945723,0.120000000000001
2021-02-01,2021,2,17.96,18.06,17.73,17.85,17.94,10803788,0.07,,29.8,192.9,20.53,15.17,17.14,10.8,2020s,1.5936254980079667,0.28000000000000114
2021-03-01,2021,3,17.9,18.28,17.34,17.72,17.59,48961532,0.12,,29.7,867.6,20.38,15.06,28.29,48.96,2020s,-0.7282913165266303,-0.13000000000000256
2021-04-01,2021,4,17.73,18.11,17.45,17.75,17.92,32730785,0.17,,34.1,580.9,20.41,15.09,43.09,32.73,2020s,0.16930022573364845,0.030000000000001137
2021-05-01,2021,5,18.1,18.39,17.84,17.97,17.96,21053006,0.11,,32.4,378.3,20.66,15.27,40.91,21.05,2020s,1.2394366197183038,0.21999999999999886
2021-06-01,2021,6,17.64,17.84,17.42,17.57,17.49,9029548,0.17,,17.6,158.6,20.21,14.93,44.07,9.03,2020s,-2.2259321090706607,-0.3999999999999986
2021-07-01,2021,7,18.28,18.43,17.81,18.18,18.08,34549010,0.08,,26.2,628.0,20.9,15.45,42.93,34.55,2020s,3.471826977803061,0.6099999999999994
2021-08-01,2021,8,18.11,18.68,17.76,18.35,18.46,9444137,0.2,,19.3,173.3,21.1,15.6,31.75,9.44,2020s,0.9350935093509483,0.1700000000000017
2021-09-01,2021,9,18.19,18.55,17.88,17.98,17.94,49613604,0.09,,32.7,892.1,20.68,15.28,29.56,49.61,2020s,-2.0163487738419694,-0.370000000000001
2021-10-01,2021,10,17.96,18.11,17.69,17.85,17.8,32433437,0.13,,31.1,578.9,20.53,15.17,42.43,32.43,2020s,-0.7230255839821953,-0.129999999999999
2021-11-01,2021,11,17.57,17.95,17.39,17.76,17.71,1048306,0.28,,23.6,18.6,20.42,15.09,37.01,1.05,2020s,-0.5042016806722671,-0.08999999999999986
2021-12-01,2021,12,18.25,18.65,18.05,18.33,18.17,37168759,0.3,,16.4,681.3,21.08,15.58,35.5,37.17,2020s,3.2094594594594517,0.5699999999999967
2022-01-01,2022,1,18.07,18.43,17.86,18.19,18.04,45217428,0.07,,31.2,822.4,20.92,15.46,18.89,45.22,2020s,-0.7637752318603197,-0.13999999999999702
2022-02-01,2022,2,18.28,18.41,17.98,18.29,18.41,45152348,0.2,,26.4,825.7,21.03,15.54,32.71,45.15,2020s,0.549752611324883,0.09999999999999787
2022-03-01,2022,3,18.02,18.12,17.48,17.9,17.96,6365810,0.19,,26.7,114.0,20.59,15.22,25.83,6.37,2020s,-2.1323127392017582,-0.39000000000000057
2022-04-01,2022,4,18.93,19.33,18.64,18.75,18.8,36501987,0.06,,13.6,684.5,21.56,15.94,24.12,36.5,2020s,4.748603351955305,0.8500000000000014
2022-05-01,2022,5,18.69,19.29,18.4,18.92,18.8,36312148,0.25,,25.1,686.9,21.75,16.08,43.43,36.31,2020s,0.9066666666666778,0.1700000000000017
2022-06-01,2022,6,18.57,18.95,18.13,18.43,18.5,48147360,0.25,,32.3,887.6,21.2,15.67,20.0,48.15,2020s,-2.5898520084566723,-0.490000000000002
2022-07-01,2022,7,18.05,18.29,17.6,18.14,18.12,24644068,0.32,,24.7,447.1,20.86,15.42,44.91,24.64,2020s,-1.5735214324470892,-0.28999999999999915
2022-08-01,2022,8,18.56,18.96,18.28,18.49,18.39,37616357,0.11,,29.6,695.6,21.26,15.72,42.78,37.62,2020s,1.9294377067254675,0.34999999999999787
2022-09-01,2022,9,18.58,18.85,18.22,18.61,18.79,40980966,0.05,,15.1,762.6,21.4,15.82,41.71,40.98,2020s,0.6489994591671211,0.120000000000001
2022-10-01,2022,10,18.35,18.72,17.98,18.51,18.67,19519169,0.33,,23.8,361.3,21.29,15.73,32.12,19.52,2020s,-0.5373455131649552,-0.09999999999999787
2022-11-01,2022,11,18.13,18.3,17.94,18.15,18.29,17767613,0.12,,30.7,322.5,20.87,15.43,17.76,17.77,2020s,-1.9448946515397192,-0.360000000000003
2022-12-01,2022,12,18.81,19.18,18.29,18.68,18.56,47277943,0.26,,30.8,883.2,21.48,15.88,17.86,47.28,2020s,2.920110192837466,0.5300000000000011
2023-01-01,2023,1,18.58,18.81,18.03,18.41,18.56,23440509,0.15,,30.8,431.5,21.17,15.65,27.5,23.44,2020s,-1.4453961456102782,-0.2699999999999996
2023-02-01,2023,2,19.0,19.5,18.68,19.16,18.97,43425795,0.16,,19.0,832.0,22.03,16.29,16.24,43.43,2020s,4.0738728951656755,0.75
2023-03-01,2023,3,18.47,18.64,18.35,18.46,18.55,27365911,0.34,,29.3,505.3,21.23,15.69,32.26,27.37,2020s,-3.653444676409179,-0.6999999999999993
2023-04-01,2023,4,18.62,18.77,18.24,18.46,18.45,4309211,0.21,,18.0,79.6,21.23,15.69,26.96,4.31,2020s,0.0,0.0
2023-05-01,2023,5,18.99,19.27,18.67,18.84,18.8,39341353,0.11,,26.2,741.3,21.67,16.02,37.07,39.34,2020s,2.0585048754062862,0.379999999999999
2023-06-01,2023,6,18.44,18.66,17.86,18.29,18.14,46080215,0.17,,20.4,842.9,21.04,15.55,20.71,46.08,2020s,-2.919320594479835,-0.5500000000000007
2023-07-01,2023,7,18.94,19.1,18.56,18.79,18.91,30676217,0.24,,22.1,576.3,21.6,15.97,42.73,30.68,2020s,2.7337342810278775,0.5
2023-08-01,2023,8,18.57,19.13,18.44,18.76,18.85,17310695,0.33,,33.3,324.8,21.58,15.95,41.06,17.31,2020s,-0.159659393294298,-0.029999999999997584
2023-09-01,2023,9,18.67,18.8,18.3,18.56,18.38,15026392,0.27,,16.9,278.9,21.34,15.78,31.39,15.03,2020s,-1.06609808102347,-0.20000000000000284
2023-10-01,2023,10,19.01,19.48,18.58,18.94,19.0,26273645,0.22,,27.3,497.7,21.78,16.1,16.3,26.27,2020s,2.0474137931034697,0.38000000000000256
2023-11-01,2023,11,18.62,18.95,18.35,18.46,18.52,1559297,0.07,,27.2,28.8,21.23,15.69,34.89,1.56,2020s,-2.5343189017951406,-0.4800000000000004
2023-12-01,2023,12,18.68,19.11,18.25,18.9,18.86,26548425,0.2,,28.3,501.8,21.74,16.07,42.12,26.55,2020s,2.383531960996743,0.4399999999999977
2024-01-01,2024,1,18.89,19.3,18.43,19.13,19.15,48812998,0.06,,17.7,933.6,22.0,16.26,30.88,48.81,2020s,1.2169312169312274,0.23000000000000043
2024-02-01,2024,2,18.71,19.13,18.49,18.91,18.95,16851433,0.35,,34.5,318.6,21.74,16.07,23.28,16.85,2020s,-1.1500261369576492,-0.21999999999999886
2024-03-01,2024,3,18.62,19.15,18.15,18.68,18.85,19803490,0.12,,19.9,369.9,21.48,15.88,26.79,19.8,2020s,-1.2162876784770016,-0.23000000000000043
2024-04-01,2024,4,19.1,19.45,18.66,19.08,19.16,29006766,0.12,,15.5,553.6,21.95,16.22,44.12,29.01,2020s,2.1413276231263323,0.3999999999999986
2024-05-01,2024,5,19.2,19.37,19.03,19.18,19.19,14576809,0.31,,19.1,279.5,22.05,16.3,36.15,14.58,2020s,0.524109014675056,0.10000000000000142
2024-06-01,2024,6,19.13,19.59,18.7,18.85,19.01,11606416,0.15,,24.8,218.7,21.67,16.02,43.46,11.61,2020s,-1.720542231491129,-0.3299999999999983
2024-07-01,2024,7,19.01,19.38,18.41,18.79,18.94,28785764,0.34,,19.0,541.0,21.61,15.97,37.37,28.79,2020s,-0.31830238726792137,-0.060000000000002274
2024-08-01,2024,8,19.54,19.7,19.23,19.4,19.26,2758132,0.28,,26.1,53.5,22.31,16.49,23.01,2.76,2020s,3.2464076636508743,0.6099999999999994
2024-09-01,2024,9,18.82,19.33,18.59,18.97,19.04,32984233,0.09,,31.5,625.7,21.82,16.13,29.06,32.98,2020s,-2.216494845360828,-0.4299999999999997
2024-10-01,2024,10,18.92,19.26,18.77,18.99,18.88,28419954,0.28,,12.3,539.6,21.83,16.14,23.1,28.42,2020s,0.10542962572481773,0.019999999999999574
2024-11-01,2024,11,19.59,19.98,19.18,19.31,19.47,30479930,0.31,,23.3,588.5,22.2,16.41,24.75,30.48,2020s,1.6850974196945812,0.3200000000000003
2024-12-01,2024,12,18.91,19.07,18.53,18.96,18.91,21998195,0.17,,33.6,417.1,21.8,16.12,32.16,22.0,2020s,-1.8125323666493887,-0.34999999999999787
2025-01-01,2025,1,19.68,19.8,19.42,19.56,19.55,3846483,0.31,,17.7,75.3,22.5,16.63,31.14,3.85,2020s,3.164556962025311,0.5999999999999979
2025-02-01,2025,2,19.26,19.72,18.79,19.32,19.21,30497961,0.17,,19.0,589.4,22.22,16.43,39.83,30.5,2020s,-1.2269938650306678,-0.23999999999999844
2025-03-01,2025,3,19.44,19.56,19.08,19.38,19.24,44359138,0.19,,28.6,859.5,22.28,16.47,18.4,44.36,2020s,0.31055900621117516,0.05999999999999872
2025-04-01,2025,4,20.07,20.22,19.68,19.95,19.93,13004338,0.19,,32.6,259.4,22.94,16.96,41.87,13.0,2020s,2.941176470588247,0.5700000000000003
2025-05-01,2025,5,19.24,19.69,18.87,19.35,19.22,9290912,0.08,,28.2,179.7,22.25,16.44,34.02,9.29,2020s,-3.00751879699247,-0.5999999999999979
2025-06-01,2025,6,19.57,20.05,19.1,19.44,19.31,37933087,0.16,,29.7,737.4,22.36,16.52,42.37,37.93,2020s,0.46511627906977715,0.08999999999999986
2025-07-01,2025,7,19.45,20.1,19.28,19.66,19.74,29157650,0.14,,28.8,573.1,22.6,16.71,43.83,29.16,2020s,1.1316872427983515,0.21999999999999886
2025-08-01,2025,8,19.38,19.85,19.06,19.15,19.26,1819249,0.19,,31.7,34.8,22.03,16.28,31.31,1.82,2020s,-2.5940996948118134,-0.5100000000000016
2025-09-01,2025,9,19.41,19.89,19.13,19.57,19.53,6328773,0.23,,12.2,123.8,22.5,16.63,41.47,6.33,2020s,2.193211488250668,0.4200000000000017
2025-10-01,2025,10,19.71,19.89,19.35,19.52,19.34,24422324,0.06,,31.6,476.7,22.45,16.59,35.01,24.42,2020s,-0.25549310168625494,-0.05000000000000071
2025-11-01,2025,11,19.8,19.91,19.29,19.55,19.42,46103229,0.14,,27.2,901.3,22.48,16.62,36.0,46.1,2020s,0.15368852459016757,0.030000000000001137
2025-12-01,2025,12,19.91,20.31,19.4,19.63,19.45,21085312,0.15,,32.6,414.0,22.58,16.69,39.61,21.09,2020s,0.4092071611253134,0.0799999999999983
